game_id,Date,Season,Month,team_id,Team Name,Points Scored,Points Allowed,Win,Point Diff,Location
12500008,2025-10-02,2025-26,2025-10,NY,Knicks,99,84,1,15,Home
12500008,2025-10-02,2025-26,2025-10,PHI,76ers,84,99,0,-15,Away
12500001,2025-10-03,2025-26,2025-10,LAL,Lakers,81,103,0,-22,Home
12500001,2025-10-03,2025-26,2025-10,PHX,Suns,103,81,1,22,Away
12500009,2025-10-03,2025-26,2025-10,NO,Pelicans,107,97,1,10,Home
12500009,2025-10-03,2025-26,2025-10,MEL,United,97,107,0,-10,Away
12500010,2025-10-04,2025-26,2025-10,PHI,76ers,104,113,0,-9,Home
12500010,2025-10-04,2025-26,2025-10,NY,Knicks,113,104,1,9,Away
12500011,2025-10-04,2025-26,2025-10,NO,Pelicans,127,92,1,35,Home
12500011,2025-10-04,2025-26,2025-10,SEM,Phoenix,92,127,0,-35,Away
12500026,2025-10-04,2025-26,2025-10,BKN,Nets,123,88,1,35,Home
12500026,2025-10-04,2025-26,2025-10,HAP,Jerusalem B.C.,88,123,0,-35,Away
12500027,2025-10-04,2025-26,2025-10,MIA,Heat,118,126,0,-8,Home
12500027,2025-10-04,2025-26,2025-10,ORL,Magic,126,118,1,8,Away
12500028,2025-10-04,2025-26,2025-10,DEN,Nuggets,116,126,0,-10,Home
12500028,2025-10-04,2025-26,2025-10,MIN,Timberwolves,126,116,1,10,Away
12500029,2025-10-05,2025-26,2025-10,CHA,Hornets,114,135,0,-21,Home
12500029,2025-10-05,2025-26,2025-10,OKC,Thunder,135,114,1,21,Away
12500030,2025-10-05,2025-26,2025-10,GS,Warriors,111,103,1,8,Home
12500030,2025-10-05,2025-26,2025-10,LAL,Lakers,103,111,0,-8,Away
12500002,2025-10-06,2025-26,2025-10,MIA,Heat,93,103,0,-10,Home
12500002,2025-10-06,2025-26,2025-10,MIL,Bucks,103,93,1,10,Away
12500014,2025-10-06,2025-26,2025-10,HOU,Rockets,122,113,1,9,Home
12500014,2025-10-06,2025-26,2025-10,ATL,Hawks,113,122,0,-9,Away
12500031,2025-10-06,2025-26,2025-10,MEM,Grizzlies,112,128,0,-16,Home
12500031,2025-10-06,2025-26,2025-10,DET,Pistons,128,112,1,16,Away
12500032,2025-10-06,2025-26,2025-10,SA,Spurs,119,88,1,31,Home
12500032,2025-10-06,2025-26,2025-10,GUA,Loong-Lions,88,119,0,-31,Away
12500033,2025-10-06,2025-26,2025-10,DAL,Mavericks,106,89,1,17,Home
12500033,2025-10-06,2025-26,2025-10,OKC,Thunder,89,106,0,-17,Away
12500034,2025-10-06,2025-26,2025-10,TOR,Raptors,108,112,0,-4,Home
12500034,2025-10-06,2025-26,2025-10,DEN,Nuggets,112,108,1,4,Away
12500035,2025-10-07,2025-26,2025-10,CLE,Cavaliers,117,118,0,-1,Home
12500035,2025-10-07,2025-26,2025-10,CHI,Bulls,118,117,1,1,Away
12500036,2025-10-07,2025-26,2025-10,MIN,Timberwolves,134,135,0,-1,Home
12500036,2025-10-07,2025-26,2025-10,IND,Pacers,135,134,1,1,Away
12500003,2025-10-08,2025-26,2025-10,MIA,Heat,107,112,0,-5,Home
12500003,2025-10-08,2025-26,2025-10,SA,Spurs,112,107,1,5,Away
12500015,2025-10-08,2025-26,2025-10,GS,Warriors,129,123,1,6,Home
12500015,2025-10-08,2025-26,2025-10,POR,Trail Blazers,123,129,0,-6,Away
12500016,2025-10-08,2025-26,2025-10,SAC,Kings,122,130,0,-8,Home
12500016,2025-10-08,2025-26,2025-10,TOR,Raptors,130,122,1,8,Away
12500037,2025-10-08,2025-26,2025-10,HOU,Rockets,140,127,1,13,Home
12500037,2025-10-08,2025-26,2025-10,UTAH,Jazz,127,140,0,-13,Away
12500038,2025-10-08,2025-26,2025-10,MEM,Grizzlies,103,121,0,-18,Home
12500038,2025-10-08,2025-26,2025-10,BOS,Celtics,121,103,1,18,Away
12500039,2025-10-09,2025-26,2025-10,NY,Knicks,100,95,1,5,Home
12500039,2025-10-09,2025-26,2025-10,MIN,Timberwolves,95,100,0,-5,Away
12500040,2025-10-09,2025-26,2025-10,CHI,Bulls,119,112,1,7,Home
12500040,2025-10-09,2025-26,2025-10,CLE,Cavaliers,112,119,0,-7,Away
12500041,2025-10-09,2025-26,2025-10,MIL,Bucks,117,111,1,6,Home
12500041,2025-10-09,2025-26,2025-10,DET,Pistons,111,117,0,-6,Away
12500042,2025-10-09,2025-26,2025-10,OKC,Thunder,122,116,1,6,Home
12500042,2025-10-09,2025-26,2025-10,CHA,Hornets,116,122,0,-6,Away
12500043,2025-10-09,2025-26,2025-10,LAC,Clippers,142,95,1,47,Home
12500043,2025-10-09,2025-26,2025-10,GUA,Loong-Lions,95,142,0,-47,Away
12500012,2025-10-10,2025-26,2025-10,BKN,Nets,127,132,0,-5,Home
12500012,2025-10-10,2025-26,2025-10,PHX,Suns,132,127,1,5,Away
12500017,2025-10-10,2025-26,2025-10,POR,Trail Blazers,124,123,1,1,Home
12500017,2025-10-10,2025-26,2025-10,SAC,Kings,123,124,0,-1,Away
12500044,2025-10-10,2025-26,2025-10,TOR,Raptors,107,105,1,2,Home
12500044,2025-10-10,2025-26,2025-10,BOS,Celtics,105,107,0,-2,Away
12500045,2025-10-10,2025-26,2025-10,SA,Spurs,134,130,1,4,Home
12500045,2025-10-10,2025-26,2025-10,UTAH,Jazz,130,134,0,-4,Away
12500070,2025-10-10,2025-26,2025-10,PHI,76ers,98,128,0,-30,Home
12500070,2025-10-10,2025-26,2025-10,ORL,Magic,128,98,1,30,Away
12500018,2025-10-11,2025-26,2025-10,MEM,Grizzlies,116,122,0,-6,Home
12500018,2025-10-11,2025-26,2025-10,ATL,Hawks,122,116,1,6,Away
12500046,2025-10-11,2025-26,2025-10,IND,Pacers,116,101,1,15,Home
12500046,2025-10-11,2025-26,2025-10,OKC,Thunder,101,116,0,-15,Away
12500047,2025-10-11,2025-26,2025-10,DAL,Mavericks,116,120,0,-4,Home
12500047,2025-10-11,2025-26,2025-10,CHA,Hornets,120,116,1,4,Away
12500004,2025-10-12,2025-26,2025-10,LAL,Lakers,126,116,1,10,Home
12500004,2025-10-12,2025-26,2025-10,GS,Warriors,116,126,0,-10,Away
12500013,2025-10-12,2025-26,2025-10,PHX,Suns,109,111,0,-2,Home
12500013,2025-10-12,2025-26,2025-10,BKN,Nets,111,109,1,2,Away
12500048,2025-10-12,2025-26,2025-10,WSH,Wizards,112,113,0,-1,Home
12500048,2025-10-12,2025-26,2025-10,TOR,Raptors,113,112,1,1,Away
12500049,2025-10-12,2025-26,2025-10,ORL,Magic,120,104,1,16,Home
12500049,2025-10-12,2025-26,2025-10,MIA,Heat,104,120,0,-16,Away
12500050,2025-10-12,2025-26,2025-10,BOS,Celtics,138,107,1,31,Home
12500050,2025-10-12,2025-26,2025-10,CLE,Cavaliers,107,138,0,-31,Away
12500051,2025-10-12,2025-26,2025-10,CHI,Bulls,121,127,0,-6,Home
12500051,2025-10-12,2025-26,2025-10,MIL,Bucks,127,121,1,6,Away
12500052,2025-10-12,2025-26,2025-10,LAC,Clippers,94,102,0,-8,Home
12500052,2025-10-12,2025-26,2025-10,DEN,Nuggets,102,94,1,8,Away
12500019,2025-10-13,2025-26,2025-10,ATL,Hawks,119,118,1,1,Home
12500019,2025-10-13,2025-26,2025-10,MIA,Heat,118,119,0,-1,Away
12500053,2025-10-13,2025-26,2025-10,IND,Pacers,108,124,0,-16,Home
12500053,2025-10-13,2025-26,2025-10,SA,Spurs,124,108,1,16,Away
12500054,2025-10-13,2025-26,2025-10,NY,Knicks,103,120,0,-17,Home
12500054,2025-10-13,2025-26,2025-10,WSH,Wizards,120,103,1,17,Away
12500055,2025-10-13,2025-26,2025-10,MIN,Timberwolves,134,74,1,60,Home
12500055,2025-10-13,2025-26,2025-10,GUA,Loong-Lions,74,134,0,-60,Away
12500056,2025-10-13,2025-26,2025-10,UTAH,Jazz,101,114,0,-13,Home
12500056,2025-10-13,2025-26,2025-10,DAL,Mavericks,114,101,1,13,Away
12500020,2025-10-14,2025-26,2025-10,NO,Pelicans,128,130,0,-2,Home
12500020,2025-10-14,2025-26,2025-10,HOU,Rockets,130,128,1,2,Away
12500021,2025-10-14,2025-26,2025-10,POR,Trail Blazers,111,118,0,-7,Home
12500021,2025-10-14,2025-26,2025-10,GS,Warriors,118,111,1,7,Away
12500057,2025-10-14,2025-26,2025-10,CLE,Cavaliers,118,100,1,18,Home
12500057,2025-10-14,2025-26,2025-10,DET,Pistons,100,118,0,-18,Away
12500058,2025-10-14,2025-26,2025-10,MIL,Bucks,112,116,0,-4,Home
12500058,2025-10-14,2025-26,2025-10,OKC,Thunder,116,112,1,4,Away
12500059,2025-10-14,2025-26,2025-10,DEN,Nuggets,124,117,1,7,Home
12500059,2025-10-14,2025-26,2025-10,CHI,Bulls,117,124,0,-7,Away
12500060,2025-10-14,2025-26,2025-10,PHX,Suns,113,104,1,9,Home
12500060,2025-10-14,2025-26,2025-10,LAL,Lakers,104,113,0,-9,Away
12500005,2025-10-15,2025-26,2025-10,LAL,Lakers,94,121,0,-27,Home
12500005,2025-10-15,2025-26,2025-10,DAL,Mavericks,121,94,1,27,Away
12500022,2025-10-15,2025-26,2025-10,SAC,Kings,91,109,0,-18,Home
12500022,2025-10-15,2025-26,2025-10,LAC,Clippers,109,91,1,18,Away
12500061,2025-10-15,2025-26,2025-10,CHA,Hornets,145,116,1,29,Home
12500061,2025-10-15,2025-26,2025-10,MEM,Grizzlies,116,145,0,-29,Away
12500062,2025-10-15,2025-26,2025-10,BOS,Celtics,110,108,1,2,Home
12500062,2025-10-15,2025-26,2025-10,TOR,Raptors,108,110,0,-2,Away
12500023,2025-10-16,2025-26,2025-10,ORL,Magic,132,125,1,7,Home
12500023,2025-10-16,2025-26,2025-10,NO,Pelicans,125,132,0,-7,Away
12500024,2025-10-16,2025-26,2025-10,ATL,Hawks,115,133,0,-18,Home
12500024,2025-10-16,2025-26,2025-10,HOU,Rockets,133,115,1,18,Away
12500025,2025-10-16,2025-26,2025-10,UTAH,Jazz,132,129,1,3,Home
12500025,2025-10-16,2025-26,2025-10,POR,Trail Blazers,129,132,0,-3,Away
12500063,2025-10-16,2025-26,2025-10,DET,Pistons,119,98,1,21,Home
12500063,2025-10-16,2025-26,2025-10,WSH,Wizards,98,119,0,-21,Away
12500064,2025-10-16,2025-26,2025-10,CHI,Bulls,126,120,1,6,Home
12500064,2025-10-16,2025-26,2025-10,MIN,Timberwolves,120,126,0,-6,Away
12500006,2025-10-17,2025-26,2025-10,MIA,Heat,125,141,0,-16,Home
12500006,2025-10-17,2025-26,2025-10,MEM,Grizzlies,141,125,1,16,Away
12500007,2025-10-17,2025-26,2025-10,LAL,Lakers,116,117,0,-1,Home
12500007,2025-10-17,2025-26,2025-10,SAC,Kings,117,116,1,1,Away
12500065,2025-10-17,2025-26,2025-10,TOR,Raptors,119,114,1,5,Home
12500065,2025-10-17,2025-26,2025-10,BKN,Nets,114,119,0,-5,Away
12500066,2025-10-17,2025-26,2025-10,NY,Knicks,113,108,1,5,Home
12500066,2025-10-17,2025-26,2025-10,CHA,Hornets,108,113,0,-5,Away
12500067,2025-10-17,2025-26,2025-10,OKC,Thunder,94,91,1,3,Home
12500067,2025-10-17,2025-26,2025-10,DEN,Nuggets,91,94,0,-3,Away
12500068,2025-10-17,2025-26,2025-10,SA,Spurs,133,104,1,29,Home
12500068,2025-10-17,2025-26,2025-10,IND,Pacers,104,133,0,-29,Away
12500069,2025-10-17,2025-26,2025-10,GS,Warriors,103,106,0,-3,Home
12500069,2025-10-17,2025-26,2025-10,LAC,Clippers,106,103,1,3,Away
12500071,2025-10-17,2025-26,2025-10,PHI,76ers,126,110,1,16,Home
12500071,2025-10-17,2025-26,2025-10,MIN,Timberwolves,110,126,0,-16,Away
22500001,2025-10-21,2025-26,2025-10,OKC,Thunder,125,124,1,1,Home
22500001,2025-10-21,2025-26,2025-10,HOU,Rockets,124,125,0,-1,Away
22500002,2025-10-21,2025-26,2025-10,LAL,Lakers,109,119,0,-10,Home
22500002,2025-10-21,2025-26,2025-10,GS,Warriors,119,109,1,10,Away
22500003,2025-10-22,2025-26,2025-10,NY,Knicks,119,111,1,8,Home
22500003,2025-10-22,2025-26,2025-10,CLE,Cavaliers,111,119,0,-8,Away
22500004,2025-10-22,2025-26,2025-10,DAL,Mavericks,92,125,0,-33,Home
22500004,2025-10-22,2025-26,2025-10,SA,Spurs,125,92,1,33,Away
22500080,2025-10-22,2025-26,2025-10,CHA,Hornets,136,117,1,19,Home
22500080,2025-10-22,2025-26,2025-10,BKN,Nets,117,136,0,-19,Away
22500081,2025-10-22,2025-26,2025-10,ORL,Magic,125,121,1,4,Home
22500081,2025-10-22,2025-26,2025-10,MIA,Heat,121,125,0,-4,Away
22500082,2025-10-22,2025-26,2025-10,ATL,Hawks,118,138,0,-20,Home
22500082,2025-10-22,2025-26,2025-10,TOR,Raptors,138,118,1,20,Away
22500083,2025-10-22,2025-26,2025-10,BOS,Celtics,116,117,0,-1,Home
22500083,2025-10-22,2025-26,2025-10,PHI,76ers,117,116,1,1,Away
22500084,2025-10-22,2025-26,2025-10,CHI,Bulls,115,111,1,4,Home
22500084,2025-10-22,2025-26,2025-10,DET,Pistons,111,115,0,-4,Away
22500085,2025-10-22,2025-26,2025-10,MEM,Grizzlies,128,122,1,6,Home
22500085,2025-10-22,2025-26,2025-10,NO,Pelicans,122,128,0,-6,Away
22500086,2025-10-22,2025-26,2025-10,MIL,Bucks,133,120,1,13,Home
22500086,2025-10-22,2025-26,2025-10,WSH,Wizards,120,133,0,-13,Away
22500087,2025-10-22,2025-26,2025-10,UTAH,Jazz,129,108,1,21,Home
22500087,2025-10-22,2025-26,2025-10,LAC,Clippers,108,129,0,-21,Away
22500088,2025-10-22,2025-26,2025-10,PHX,Suns,120,116,1,4,Home
22500088,2025-10-22,2025-26,2025-10,SAC,Kings,116,120,0,-4,Away
22500089,2025-10-22,2025-26,2025-10,POR,Trail Blazers,114,118,0,-4,Home
22500089,2025-10-22,2025-26,2025-10,MIN,Timberwolves,118,114,1,4,Away
22500005,2025-10-23,2025-26,2025-10,IND,Pacers,135,141,0,-6,Home
22500005,2025-10-23,2025-26,2025-10,OKC,Thunder,141,135,1,6,Away
22500006,2025-10-23,2025-26,2025-10,GS,Warriors,137,131,1,6,Home
22500006,2025-10-23,2025-26,2025-10,DEN,Nuggets,131,137,0,-6,Away
22500018,2025-10-24,2025-26,2025-10,NY,Knicks,105,95,1,10,Home
22500018,2025-10-24,2025-26,2025-10,BOS,Celtics,95,105,0,-10,Away
22500019,2025-10-24,2025-26,2025-10,LAL,Lakers,128,110,1,18,Home
22500019,2025-10-24,2025-26,2025-10,MIN,Timberwolves,110,128,0,-18,Away
22500090,2025-10-24,2025-26,2025-10,ORL,Magic,107,111,0,-4,Home
22500090,2025-10-24,2025-26,2025-10,ATL,Hawks,111,107,1,4,Away
22500091,2025-10-24,2025-26,2025-10,BKN,Nets,124,131,0,-7,Home
22500091,2025-10-24,2025-26,2025-10,CLE,Cavaliers,131,124,1,7,Away
22500092,2025-10-24,2025-26,2025-10,TOR,Raptors,116,122,0,-6,Home
22500092,2025-10-24,2025-26,2025-10,MIL,Bucks,122,116,1,6,Away
22500093,2025-10-24,2025-26,2025-10,HOU,Rockets,111,115,0,-4,Home
22500093,2025-10-24,2025-26,2025-10,DET,Pistons,115,111,1,4,Away
22500094,2025-10-24,2025-26,2025-10,MEM,Grizzlies,114,146,0,-32,Home
22500094,2025-10-24,2025-26,2025-10,MIA,Heat,146,114,1,32,Away
22500095,2025-10-24,2025-26,2025-10,NO,Pelicans,116,120,0,-4,Home
22500095,2025-10-24,2025-26,2025-10,SA,Spurs,120,116,1,4,Away
22500096,2025-10-24,2025-26,2025-10,DAL,Mavericks,107,117,0,-10,Home
22500096,2025-10-24,2025-26,2025-10,WSH,Wizards,117,107,1,10,Away
22500097,2025-10-24,2025-26,2025-10,POR,Trail Blazers,139,119,1,20,Home
22500097,2025-10-24,2025-26,2025-10,GS,Warriors,119,139,0,-20,Away
22500098,2025-10-24,2025-26,2025-10,SAC,Kings,105,104,1,1,Home
22500098,2025-10-24,2025-26,2025-10,UTAH,Jazz,104,105,0,-1,Away
22500099,2025-10-24,2025-26,2025-10,LAC,Clippers,129,102,1,27,Home
22500099,2025-10-24,2025-26,2025-10,PHX,Suns,102,129,0,-27,Away
22500100,2025-10-25,2025-26,2025-10,ORL,Magic,98,110,0,-12,Home
22500100,2025-10-25,2025-26,2025-10,CHI,Bulls,110,98,1,12,Away
22500101,2025-10-25,2025-26,2025-10,ATL,Hawks,100,117,0,-17,Home
22500101,2025-10-25,2025-26,2025-10,OKC,Thunder,117,100,1,17,Away
22500102,2025-10-25,2025-26,2025-10,PHI,76ers,125,121,1,4,Home
22500102,2025-10-25,2025-26,2025-10,CHA,Hornets,121,125,0,-4,Away
22500103,2025-10-25,2025-26,2025-10,MEM,Grizzlies,128,103,1,25,Home
22500103,2025-10-25,2025-26,2025-10,IND,Pacers,103,128,0,-25,Away
22500104,2025-10-25,2025-26,2025-10,DEN,Nuggets,133,111,1,22,Home
22500104,2025-10-25,2025-26,2025-10,PHX,Suns,111,133,0,-22,Away
22500105,2025-10-26,2025-26,2025-10,SA,Spurs,118,107,1,11,Home
22500105,2025-10-26,2025-26,2025-10,BKN,Nets,107,118,0,-11,Away
22500106,2025-10-26,2025-26,2025-10,DET,Pistons,119,113,1,6,Home
22500106,2025-10-26,2025-26,2025-10,BOS,Celtics,113,119,0,-6,Away
22500107,2025-10-26,2025-26,2025-10,CLE,Cavaliers,118,113,1,5,Home
22500107,2025-10-26,2025-26,2025-10,MIL,Bucks,113,118,0,-5,Away
22500108,2025-10-26,2025-26,2025-10,MIA,Heat,115,107,1,8,Home
22500108,2025-10-26,2025-26,2025-10,NY,Knicks,107,115,0,-8,Away
22500109,2025-10-26,2025-26,2025-10,WSH,Wizards,113,139,0,-26,Home
22500109,2025-10-26,2025-26,2025-10,CHA,Hornets,139,113,1,26,Away
22500110,2025-10-26,2025-26,2025-10,MIN,Timberwolves,114,110,1,4,Home
22500110,2025-10-26,2025-26,2025-10,IND,Pacers,110,114,0,-4,Away
22500111,2025-10-26,2025-26,2025-10,DAL,Mavericks,139,129,1,10,Home
22500111,2025-10-26,2025-26,2025-10,TOR,Raptors,129,139,0,-10,Away
22500112,2025-10-26,2025-26,2025-10,LAC,Clippers,114,107,1,7,Home
22500112,2025-10-26,2025-26,2025-10,POR,Trail Blazers,107,114,0,-7,Away
22500113,2025-10-26,2025-26,2025-10,SAC,Kings,120,127,0,-7,Home
22500113,2025-10-26,2025-26,2025-10,LAL,Lakers,127,120,1,7,Away
22500007,2025-10-27,2025-26,2025-10,DET,Pistons,95,116,0,-21,Home
22500007,2025-10-27,2025-26,2025-10,CLE,Cavaliers,116,95,1,21,Away
22500008,2025-10-27,2025-26,2025-10,MIN,Timberwolves,114,127,0,-13,Home
22500008,2025-10-27,2025-26,2025-10,DEN,Nuggets,127,114,1,13,Away
22500114,2025-10-27,2025-26,2025-10,PHI,76ers,136,124,1,12,Home
22500114,2025-10-27,2025-26,2025-10,ORL,Magic,124,136,0,-12,Away
22500115,2025-10-27,2025-26,2025-10,CHI,Bulls,128,123,1,5,Home
22500115,2025-10-27,2025-26,2025-10,ATL,Hawks,123,128,0,-5,Away
22500116,2025-10-27,2025-26,2025-10,HOU,Rockets,137,109,1,28,Home
22500116,2025-10-27,2025-26,2025-10,BKN,Nets,109,137,0,-28,Away
22500117,2025-10-27,2025-26,2025-10,NO,Pelicans,90,122,0,-32,Home
22500117,2025-10-27,2025-26,2025-10,BOS,Celtics,122,90,1,32,Away
22500118,2025-10-27,2025-26,2025-10,SA,Spurs,121,103,1,18,Home
22500118,2025-10-27,2025-26,2025-10,TOR,Raptors,103,121,0,-18,Away
22500119,2025-10-27,2025-26,2025-10,DAL,Mavericks,94,101,0,-7,Home
22500119,2025-10-27,2025-26,2025-10,OKC,Thunder,101,94,1,7,Away
22500120,2025-10-27,2025-26,2025-10,UTAH,Jazz,138,134,1,4,Home
22500120,2025-10-27,2025-26,2025-10,PHX,Suns,134,138,0,-4,Away
22500121,2025-10-27,2025-26,2025-10,GS,Warriors,131,118,1,13,Home
22500121,2025-10-27,2025-26,2025-10,MEM,Grizzlies,118,131,0,-13,Away
22500122,2025-10-27,2025-26,2025-10,LAL,Lakers,108,122,0,-14,Home
22500122,2025-10-27,2025-26,2025-10,POR,Trail Blazers,122,108,1,14,Away
22500123,2025-10-28,2025-26,2025-10,WSH,Wizards,134,139,0,-5,Home
22500123,2025-10-28,2025-26,2025-10,PHI,76ers,139,134,1,5,Away
22500124,2025-10-28,2025-26,2025-10,MIA,Heat,144,117,1,27,Home
22500124,2025-10-28,2025-26,2025-10,CHA,Hornets,117,144,0,-27,Away
22500125,2025-10-28,2025-26,2025-10,MIL,Bucks,121,111,1,10,Home
22500125,2025-10-28,2025-26,2025-10,NY,Knicks,111,121,0,-10,Away
22500126,2025-10-28,2025-26,2025-10,OKC,Thunder,107,101,1,6,Home
22500126,2025-10-28,2025-26,2025-10,SAC,Kings,101,107,0,-6,Away
22500127,2025-10-28,2025-26,2025-10,GS,Warriors,98,79,1,19,Home
22500127,2025-10-28,2025-26,2025-10,LAC,Clippers,79,98,0,-19,Away
22500128,2025-10-29,2025-26,2025-10,BOS,Celtics,125,105,1,20,Home
22500128,2025-10-29,2025-26,2025-10,CLE,Cavaliers,105,125,0,-20,Away
22500129,2025-10-29,2025-26,2025-10,DET,Pistons,135,116,1,19,Home
22500129,2025-10-29,2025-26,2025-10,ORL,Magic,116,135,0,-19,Away
22500130,2025-10-29,2025-26,2025-10,BKN,Nets,112,117,0,-5,Home
22500130,2025-10-29,2025-26,2025-10,ATL,Hawks,117,112,1,5,Away
22500131,2025-10-29,2025-26,2025-10,TOR,Raptors,121,139,0,-18,Home
22500131,2025-10-29,2025-26,2025-10,HOU,Rockets,139,121,1,18,Away
22500132,2025-10-29,2025-26,2025-10,CHI,Bulls,126,113,1,13,Home
22500132,2025-10-29,2025-26,2025-10,SAC,Kings,113,126,0,-13,Away
22500133,2025-10-29,2025-26,2025-10,DAL,Mavericks,107,105,1,2,Home
22500133,2025-10-29,2025-26,2025-10,IND,Pacers,105,107,0,-2,Away
22500134,2025-10-29,2025-26,2025-10,DEN,Nuggets,122,88,1,34,Home
22500134,2025-10-29,2025-26,2025-10,NO,Pelicans,88,122,0,-34,Away
22500135,2025-10-29,2025-26,2025-10,UTAH,Jazz,134,136,0,-2,Home
22500135,2025-10-29,2025-26,2025-10,POR,Trail Blazers,136,134,1,2,Away
22500136,2025-10-29,2025-26,2025-10,MIN,Timberwolves,115,116,0,-1,Home
22500136,2025-10-29,2025-26,2025-10,LAL,Lakers,116,115,1,1,Away
22500137,2025-10-29,2025-26,2025-10,PHX,Suns,113,114,0,-1,Home
22500137,2025-10-29,2025-26,2025-10,MEM,Grizzlies,114,113,1,1,Away
22500138,2025-10-30,2025-26,2025-10,CHA,Hornets,107,123,0,-16,Home
22500138,2025-10-30,2025-26,2025-10,ORL,Magic,123,107,1,16,Away
22500139,2025-10-30,2025-26,2025-10,MIL,Bucks,120,110,1,10,Home
22500139,2025-10-30,2025-26,2025-10,GS,Warriors,110,120,0,-10,Away
22500140,2025-10-30,2025-26,2025-10,OKC,Thunder,127,108,1,19,Home
22500140,2025-10-30,2025-26,2025-10,WSH,Wizards,108,127,0,-19,Away
22500141,2025-10-30,2025-26,2025-10,SA,Spurs,107,101,1,6,Home
22500141,2025-10-30,2025-26,2025-10,MIA,Heat,101,107,0,-6,Away
22500020,2025-10-31,2025-26,2025-10,IND,Pacers,108,128,0,-20,Home
22500020,2025-10-31,2025-26,2025-10,ATL,Hawks,128,108,1,20,Away
22500021,2025-10-31,2025-26,2025-10,PHI,76ers,108,109,0,-1,Home
22500021,2025-10-31,2025-26,2025-10,BOS,Celtics,109,108,1,1,Away
22500022,2025-10-31,2025-26,2025-10,CLE,Cavaliers,101,112,0,-11,Home
22500022,2025-10-31,2025-26,2025-10,TOR,Raptors,112,101,1,11,Away
22500023,2025-10-31,2025-26,2025-10,CHI,Bulls,135,125,1,10,Home
22500023,2025-10-31,2025-26,2025-10,NY,Knicks,125,135,0,-10,Away
22500024,2025-10-31,2025-26,2025-10,MEM,Grizzlies,112,117,0,-5,Home
22500024,2025-10-31,2025-26,2025-10,LAL,Lakers,117,112,1,5,Away
22500025,2025-10-31,2025-26,2025-10,PHX,Suns,118,96,1,22,Home
22500025,2025-10-31,2025-26,2025-10,UTAH,Jazz,96,118,0,-22,Away
22500026,2025-10-31,2025-26,2025-10,POR,Trail Blazers,109,107,1,2,Home
22500026,2025-10-31,2025-26,2025-10,DEN,Nuggets,107,109,0,-2,Away
22500027,2025-10-31,2025-26,2025-10,LAC,Clippers,126,124,1,2,Home
22500027,2025-10-31,2025-26,2025-10,NO,Pelicans,124,126,0,-2,Away
22500142,2025-11-01,2025-26,2025-11,MIL,Bucks,133,135,0,-2,Home
22500142,2025-11-01,2025-26,2025-11,SAC,Kings,135,133,1,2,Away
22500143,2025-11-01,2025-26,2025-11,CHA,Hornets,105,122,0,-17,Home
22500143,2025-11-01,2025-26,2025-11,MIN,Timberwolves,122,105,1,17,Away
22500144,2025-11-01,2025-26,2025-11,IND,Pacers,114,109,1,5,Home
22500144,2025-11-01,2025-26,2025-11,GS,Warriors,109,114,0,-5,Away
22500145,2025-11-01,2025-26,2025-11,WSH,Wizards,94,125,0,-31,Home
22500145,2025-11-01,2025-26,2025-11,ORL,Magic,125,94,1,31,Away
22500146,2025-11-01,2025-26,2025-11,BOS,Celtics,101,128,0,-27,Home
22500146,2025-11-01,2025-26,2025-11,HOU,Rockets,128,101,1,27,Away
22500147,2025-11-01,2025-26,2025-11,DET,Pistons,122,110,1,12,Home
22500147,2025-11-01,2025-26,2025-11,DAL,Mavericks,110,122,0,-12,Away
22500148,2025-11-02,2025-26,2025-11,OKC,Thunder,137,106,1,31,Home
22500148,2025-11-02,2025-26,2025-11,NO,Pelicans,106,137,0,-31,Away
22500149,2025-11-02,2025-26,2025-11,BKN,Nets,105,129,0,-24,Home
22500149,2025-11-02,2025-26,2025-11,PHI,76ers,129,105,1,24,Away
22500150,2025-11-02,2025-26,2025-11,CHA,Hornets,126,103,1,23,Home
22500150,2025-11-02,2025-26,2025-11,UTAH,Jazz,103,126,0,-23,Away
22500151,2025-11-02,2025-26,2025-11,CLE,Cavaliers,117,109,1,8,Home
22500151,2025-11-02,2025-26,2025-11,ATL,Hawks,109,117,0,-8,Away
22500152,2025-11-02,2025-26,2025-11,TOR,Raptors,117,104,1,13,Home
22500152,2025-11-02,2025-26,2025-11,MEM,Grizzlies,104,117,0,-13,Away
22500153,2025-11-02,2025-26,2025-11,NY,Knicks,128,116,1,12,Home
22500153,2025-11-02,2025-26,2025-11,CHI,Bulls,116,128,0,-12,Away
22500154,2025-11-02,2025-26,2025-11,PHX,Suns,130,118,1,12,Home
22500154,2025-11-02,2025-26,2025-11,SA,Spurs,118,130,0,-12,Away
22500155,2025-11-02,2025-26,2025-11,LAL,Lakers,130,120,1,10,Home
22500155,2025-11-02,2025-26,2025-11,MIA,Heat,120,130,0,-10,Away
22500156,2025-11-03,2025-26,2025-11,BKN,Nets,109,125,0,-16,Home
22500156,2025-11-03,2025-26,2025-11,MIN,Timberwolves,125,109,1,16,Away
22500157,2025-11-03,2025-26,2025-11,IND,Pacers,115,117,0,-2,Home
22500157,2025-11-03,2025-26,2025-11,MIL,Bucks,117,115,1,2,Away
22500158,2025-11-03,2025-26,2025-11,BOS,Celtics,103,105,0,-2,Home
22500158,2025-11-03,2025-26,2025-11,UTAH,Jazz,105,103,1,2,Away
22500159,2025-11-03,2025-26,2025-11,NY,Knicks,119,102,1,17,Home
22500159,2025-11-03,2025-26,2025-11,WSH,Wizards,102,119,0,-17,Away
22500160,2025-11-03,2025-26,2025-11,HOU,Rockets,110,102,1,8,Home
22500160,2025-11-03,2025-26,2025-11,DAL,Mavericks,102,110,0,-8,Away
22500161,2025-11-03,2025-26,2025-11,MEM,Grizzlies,106,114,0,-8,Home
22500161,2025-11-03,2025-26,2025-11,DET,Pistons,114,106,1,8,Away
22500162,2025-11-03,2025-26,2025-11,DEN,Nuggets,130,124,1,6,Home
22500162,2025-11-03,2025-26,2025-11,SAC,Kings,124,130,0,-6,Away
22500163,2025-11-03,2025-26,2025-11,POR,Trail Blazers,115,123,0,-8,Home
22500163,2025-11-03,2025-26,2025-11,LAL,Lakers,123,115,1,8,Away
22500164,2025-11-03,2025-26,2025-11,LAC,Clippers,119,120,0,-1,Home
22500164,2025-11-03,2025-26,2025-11,MIA,Heat,120,119,1,1,Away
22500165,2025-11-04,2025-26,2025-11,TOR,Raptors,128,100,1,28,Home
22500165,2025-11-04,2025-26,2025-11,MIL,Bucks,100,128,0,-28,Away
22500166,2025-11-04,2025-26,2025-11,ATL,Hawks,127,112,1,15,Home
22500166,2025-11-04,2025-26,2025-11,ORL,Magic,112,127,0,-15,Away
22500167,2025-11-04,2025-26,2025-11,CHI,Bulls,113,111,1,2,Home
22500167,2025-11-04,2025-26,2025-11,PHI,76ers,111,113,0,-2,Away
22500168,2025-11-04,2025-26,2025-11,NO,Pelicans,116,112,1,4,Home
22500168,2025-11-04,2025-26,2025-11,CHA,Hornets,112,116,0,-4,Away
22500169,2025-11-04,2025-26,2025-11,GS,Warriors,118,107,1,11,Home
22500169,2025-11-04,2025-26,2025-11,PHX,Suns,107,118,0,-11,Away
22500170,2025-11-04,2025-26,2025-11,LAC,Clippers,107,126,0,-19,Home
22500170,2025-11-04,2025-26,2025-11,OKC,Thunder,126,107,1,19,Away
22500171,2025-11-05,2025-26,2025-11,CLE,Cavaliers,132,121,1,11,Home
22500171,2025-11-05,2025-26,2025-11,PHI,76ers,121,132,0,-11,Away
22500172,2025-11-05,2025-26,2025-11,DET,Pistons,114,103,1,11,Home
22500172,2025-11-05,2025-26,2025-11,UTAH,Jazz,103,114,0,-11,Away
22500173,2025-11-05,2025-26,2025-11,IND,Pacers,103,112,0,-9,Home
22500173,2025-11-05,2025-26,2025-11,BKN,Nets,112,103,1,9,Away
22500174,2025-11-05,2025-26,2025-11,BOS,Celtics,136,107,1,29,Home
22500174,2025-11-05,2025-26,2025-11,WSH,Wizards,107,136,0,-29,Away
22500175,2025-11-05,2025-26,2025-11,NY,Knicks,137,114,1,23,Home
22500175,2025-11-05,2025-26,2025-11,MIN,Timberwolves,114,137,0,-23,Away
22500176,2025-11-05,2025-26,2025-11,MEM,Grizzlies,109,124,0,-15,Home
22500176,2025-11-05,2025-26,2025-11,HOU,Rockets,124,109,1,15,Away
22500177,2025-11-05,2025-26,2025-11,DAL,Mavericks,99,101,0,-2,Home
22500177,2025-11-05,2025-26,2025-11,NO,Pelicans,101,99,1,2,Away
22500178,2025-11-05,2025-26,2025-11,DEN,Nuggets,122,112,1,10,Home
22500178,2025-11-05,2025-26,2025-11,MIA,Heat,112,122,0,-10,Away
22500179,2025-11-05,2025-26,2025-11,LAL,Lakers,118,116,1,2,Home
22500179,2025-11-05,2025-26,2025-11,SA,Spurs,116,118,0,-2,Away
22500180,2025-11-05,2025-26,2025-11,POR,Trail Blazers,121,119,1,2,Home
22500180,2025-11-05,2025-26,2025-11,OKC,Thunder,119,121,0,-2,Away
22500181,2025-11-05,2025-26,2025-11,SAC,Kings,121,116,1,5,Home
22500181,2025-11-05,2025-26,2025-11,GS,Warriors,116,121,0,-5,Away
22500182,2025-11-06,2025-26,2025-11,PHX,Suns,115,102,1,13,Home
22500182,2025-11-06,2025-26,2025-11,LAC,Clippers,102,115,0,-13,Away
22500028,2025-11-07,2025-26,2025-11,ORL,Magic,123,110,1,13,Home
22500028,2025-11-07,2025-26,2025-11,BOS,Celtics,110,123,0,-13,Away
22500029,2025-11-07,2025-26,2025-11,WSH,Wizards,115,148,0,-33,Home
22500029,2025-11-07,2025-26,2025-11,CLE,Cavaliers,148,115,1,33,Away
22500030,2025-11-07,2025-26,2025-11,ATL,Hawks,97,109,0,-12,Home
22500030,2025-11-07,2025-26,2025-11,TOR,Raptors,109,97,1,12,Away
22500031,2025-11-07,2025-26,2025-11,BKN,Nets,107,125,0,-18,Home
22500031,2025-11-07,2025-26,2025-11,DET,Pistons,125,107,1,18,Away
22500032,2025-11-07,2025-26,2025-11,SA,Spurs,121,110,1,11,Home
22500032,2025-11-07,2025-26,2025-11,HOU,Rockets,110,121,0,-11,Away
22500033,2025-11-07,2025-26,2025-11,MIA,Heat,126,108,1,18,Home
22500033,2025-11-07,2025-26,2025-11,CHA,Hornets,108,126,0,-18,Away
22500034,2025-11-07,2025-26,2025-11,MEM,Grizzlies,118,104,1,14,Home
22500034,2025-11-07,2025-26,2025-11,DAL,Mavericks,104,118,0,-14,Away
22500035,2025-11-07,2025-26,2025-11,MIL,Bucks,126,110,1,16,Home
22500035,2025-11-07,2025-26,2025-11,CHI,Bulls,110,126,0,-16,Away
22500036,2025-11-07,2025-26,2025-11,MIN,Timberwolves,137,97,1,40,Home
22500036,2025-11-07,2025-26,2025-11,UTAH,Jazz,97,137,0,-40,Away
22500037,2025-11-07,2025-26,2025-11,DEN,Nuggets,129,104,1,25,Home
22500037,2025-11-07,2025-26,2025-11,GS,Warriors,104,129,0,-25,Away
22500038,2025-11-07,2025-26,2025-11,SAC,Kings,101,132,0,-31,Home
22500038,2025-11-07,2025-26,2025-11,OKC,Thunder,132,101,1,31,Away
22500183,2025-11-08,2025-26,2025-11,WSH,Wizards,105,111,0,-6,Home
22500183,2025-11-08,2025-26,2025-11,DAL,Mavericks,111,105,1,6,Away
22500184,2025-11-08,2025-26,2025-11,PHI,76ers,130,120,1,10,Home
22500184,2025-11-08,2025-26,2025-11,TOR,Raptors,120,130,0,-10,Away
22500185,2025-11-08,2025-26,2025-11,ATL,Hawks,122,102,1,20,Home
22500185,2025-11-08,2025-26,2025-11,LAL,Lakers,102,122,0,-20,Away
22500186,2025-11-08,2025-26,2025-11,CLE,Cavaliers,128,122,1,6,Home
22500186,2025-11-08,2025-26,2025-11,CHI,Bulls,122,128,0,-6,Away
22500187,2025-11-08,2025-26,2025-11,MIA,Heat,136,131,1,5,Home
22500187,2025-11-08,2025-26,2025-11,POR,Trail Blazers,131,136,0,-5,Away
22500188,2025-11-08,2025-26,2025-11,SA,Spurs,126,119,1,7,Home
22500188,2025-11-08,2025-26,2025-11,NO,Pelicans,119,126,0,-7,Away
22500189,2025-11-08,2025-26,2025-11,DEN,Nuggets,117,100,1,17,Home
22500189,2025-11-08,2025-26,2025-11,IND,Pacers,100,117,0,-17,Away
22500190,2025-11-08,2025-26,2025-11,LAC,Clippers,103,114,0,-11,Home
22500190,2025-11-08,2025-26,2025-11,PHX,Suns,114,103,1,11,Away
22500191,2025-11-09,2025-26,2025-11,MIL,Bucks,115,122,0,-7,Home
22500191,2025-11-09,2025-26,2025-11,HOU,Rockets,122,115,1,7,Away
22500192,2025-11-09,2025-26,2025-11,NY,Knicks,134,98,1,36,Home
22500192,2025-11-09,2025-26,2025-11,BKN,Nets,98,134,0,-36,Away
22500193,2025-11-09,2025-26,2025-11,ORL,Magic,107,111,0,-4,Home
22500193,2025-11-09,2025-26,2025-11,BOS,Celtics,111,107,1,4,Away
22500194,2025-11-09,2025-26,2025-11,MEM,Grizzlies,100,114,0,-14,Home
22500194,2025-11-09,2025-26,2025-11,OKC,Thunder,114,100,1,14,Away
22500195,2025-11-09,2025-26,2025-11,PHI,76ers,108,111,0,-3,Home
22500195,2025-11-09,2025-26,2025-11,DET,Pistons,111,108,1,3,Away
22500196,2025-11-09,2025-26,2025-11,GS,Warriors,114,83,1,31,Home
22500196,2025-11-09,2025-26,2025-11,IND,Pacers,83,114,0,-31,Away
22500197,2025-11-09,2025-26,2025-11,SAC,Kings,117,144,0,-27,Home
22500197,2025-11-09,2025-26,2025-11,MIN,Timberwolves,144,117,1,27,Away
22500198,2025-11-10,2025-26,2025-11,CHA,Hornets,111,121,0,-10,Home
22500198,2025-11-10,2025-26,2025-11,LAL,Lakers,121,111,1,10,Away
22500199,2025-11-10,2025-26,2025-11,DET,Pistons,137,135,1,2,Home
22500199,2025-11-10,2025-26,2025-11,WSH,Wizards,135,137,0,-2,Away
22500200,2025-11-10,2025-26,2025-11,ORL,Magic,115,112,1,3,Home
22500200,2025-11-10,2025-26,2025-11,POR,Trail Blazers,112,115,0,-3,Away
22500201,2025-11-10,2025-26,2025-11,MIA,Heat,140,138,1,2,Home
22500201,2025-11-10,2025-26,2025-11,CLE,Cavaliers,138,140,0,-2,Away
22500202,2025-11-10,2025-26,2025-11,CHI,Bulls,117,121,0,-4,Home
22500202,2025-11-10,2025-26,2025-11,SA,Spurs,121,117,1,4,Away
22500203,2025-11-10,2025-26,2025-11,DAL,Mavericks,114,116,0,-2,Home
22500203,2025-11-10,2025-26,2025-11,MIL,Bucks,116,114,1,2,Away
22500204,2025-11-10,2025-26,2025-11,PHX,Suns,121,98,1,23,Home
22500204,2025-11-10,2025-26,2025-11,NO,Pelicans,98,121,0,-23,Away
22500205,2025-11-10,2025-26,2025-11,UTAH,Jazz,113,120,0,-7,Home
22500205,2025-11-10,2025-26,2025-11,MIN,Timberwolves,120,113,1,7,Away
22500206,2025-11-10,2025-26,2025-11,LAC,Clippers,102,105,0,-3,Home
22500206,2025-11-10,2025-26,2025-11,ATL,Hawks,105,102,1,3,Away
22500207,2025-11-11,2025-26,2025-11,BKN,Nets,109,119,0,-10,Home
22500207,2025-11-11,2025-26,2025-11,TOR,Raptors,119,109,1,10,Away
22500208,2025-11-11,2025-26,2025-11,NY,Knicks,133,120,1,13,Home
22500208,2025-11-11,2025-26,2025-11,MEM,Grizzlies,120,133,0,-13,Away
22500209,2025-11-11,2025-26,2025-11,PHI,76ers,102,100,1,2,Home
22500209,2025-11-11,2025-26,2025-11,BOS,Celtics,100,102,0,-2,Away
22500210,2025-11-11,2025-26,2025-11,OKC,Thunder,126,102,1,24,Home
22500210,2025-11-11,2025-26,2025-11,GS,Warriors,102,126,0,-24,Away
22500211,2025-11-11,2025-26,2025-11,UTAH,Jazz,152,128,1,24,Home
22500211,2025-11-11,2025-26,2025-11,IND,Pacers,128,152,0,-24,Away
22500212,2025-11-11,2025-26,2025-11,SAC,Kings,108,122,0,-14,Home
22500212,2025-11-11,2025-26,2025-11,DEN,Nuggets,122,108,1,14,Away
22500213,2025-11-12,2025-26,2025-11,CHA,Hornets,111,100,1,11,Home
22500213,2025-11-12,2025-26,2025-11,MIL,Bucks,100,111,0,-11,Away
22500214,2025-11-12,2025-26,2025-11,DET,Pistons,124,113,1,11,Home
22500214,2025-11-12,2025-26,2025-11,CHI,Bulls,113,124,0,-11,Away
22500215,2025-11-12,2025-26,2025-11,NY,Knicks,107,124,0,-17,Home
22500215,2025-11-12,2025-26,2025-11,ORL,Magic,124,107,1,17,Away
22500216,2025-11-12,2025-26,2025-11,BOS,Celtics,131,95,1,36,Home
22500216,2025-11-12,2025-26,2025-11,MEM,Grizzlies,95,131,0,-36,Away
22500217,2025-11-12,2025-26,2025-11,MIA,Heat,116,130,0,-14,Home
22500217,2025-11-12,2025-26,2025-11,CLE,Cavaliers,130,116,1,14,Away
22500218,2025-11-12,2025-26,2025-11,HOU,Rockets,135,112,1,23,Home
22500218,2025-11-12,2025-26,2025-11,WSH,Wizards,112,135,0,-23,Away
22500219,2025-11-12,2025-26,2025-11,NO,Pelicans,117,125,0,-8,Home
22500219,2025-11-12,2025-26,2025-11,POR,Trail Blazers,125,117,1,8,Away
22500220,2025-11-12,2025-26,2025-11,SA,Spurs,120,125,0,-5,Home
22500220,2025-11-12,2025-26,2025-11,GS,Warriors,125,120,1,5,Away
22500221,2025-11-12,2025-26,2025-11,DAL,Mavericks,114,123,0,-9,Home
22500221,2025-11-12,2025-26,2025-11,PHX,Suns,123,114,1,9,Away
22500222,2025-11-12,2025-26,2025-11,OKC,Thunder,121,92,1,29,Home
22500222,2025-11-12,2025-26,2025-11,LAL,Lakers,92,121,0,-29,Away
22500223,2025-11-12,2025-26,2025-11,SAC,Kings,100,133,0,-33,Home
22500223,2025-11-12,2025-26,2025-11,ATL,Hawks,133,100,1,33,Away
22500224,2025-11-12,2025-26,2025-11,LAC,Clippers,116,130,0,-14,Home
22500224,2025-11-12,2025-26,2025-11,DEN,Nuggets,130,116,1,14,Away
22500225,2025-11-13,2025-26,2025-11,CLE,Cavaliers,113,126,0,-13,Home
22500225,2025-11-13,2025-26,2025-11,TOR,Raptors,126,113,1,13,Away
22500226,2025-11-13,2025-26,2025-11,PHX,Suns,133,98,1,35,Home
22500226,2025-11-13,2025-26,2025-11,IND,Pacers,98,133,0,-35,Away
22500227,2025-11-13,2025-26,2025-11,UTAH,Jazz,122,132,0,-10,Home
22500227,2025-11-13,2025-26,2025-11,ATL,Hawks,132,122,1,10,Away
22500039,2025-11-14,2025-26,2025-11,NY,Knicks,140,132,1,8,Home
22500039,2025-11-14,2025-26,2025-11,MIA,Heat,132,140,0,-8,Away
22500040,2025-11-14,2025-26,2025-11,ORL,Magic,105,98,1,7,Home
22500040,2025-11-14,2025-26,2025-11,BKN,Nets,98,105,0,-7,Away
22500041,2025-11-14,2025-26,2025-11,DET,Pistons,114,105,1,9,Home
22500041,2025-11-14,2025-26,2025-11,PHI,76ers,105,114,0,-9,Away
22500042,2025-11-14,2025-26,2025-11,HOU,Rockets,140,116,1,24,Home
22500042,2025-11-14,2025-26,2025-11,POR,Trail Blazers,116,140,0,-24,Away
22500043,2025-11-14,2025-26,2025-11,MIL,Bucks,147,134,1,13,Home
22500043,2025-11-14,2025-26,2025-11,CHA,Hornets,134,147,0,-13,Away
22500044,2025-11-14,2025-26,2025-11,MIN,Timberwolves,124,110,1,14,Home
22500044,2025-11-14,2025-26,2025-11,SAC,Kings,110,124,0,-14,Away
22500045,2025-11-14,2025-26,2025-11,NO,Pelicans,104,118,0,-14,Home
22500045,2025-11-14,2025-26,2025-11,LAL,Lakers,118,104,1,14,Away
22500046,2025-11-14,2025-26,2025-11,DAL,Mavericks,127,133,0,-6,Home
22500046,2025-11-14,2025-26,2025-11,LAC,Clippers,133,127,1,6,Away
22500047,2025-11-14,2025-26,2025-11,SA,Spurs,108,109,0,-1,Home
22500047,2025-11-14,2025-26,2025-11,GS,Warriors,109,108,1,1,Away
22500228,2025-11-15,2025-26,2025-11,CLE,Cavaliers,108,100,1,8,Home
22500228,2025-11-15,2025-26,2025-11,MEM,Grizzlies,100,108,0,-8,Away
22500229,2025-11-15,2025-26,2025-11,CHA,Hornets,96,109,0,-13,Home
22500229,2025-11-15,2025-26,2025-11,OKC,Thunder,109,96,1,13,Away
22500230,2025-11-15,2025-26,2025-11,IND,Pacers,111,129,0,-18,Home
22500230,2025-11-15,2025-26,2025-11,TOR,Raptors,129,111,1,18,Away
22500231,2025-11-15,2025-26,2025-11,MIL,Bucks,95,119,0,-24,Home
22500231,2025-11-15,2025-26,2025-11,LAL,Lakers,119,95,1,24,Away
22500232,2025-11-15,2025-26,2025-11,MIN,Timberwolves,112,123,0,-11,Home
22500232,2025-11-15,2025-26,2025-11,DEN,Nuggets,123,112,1,11,Away
22500233,2025-11-16,2025-26,2025-11,BOS,Celtics,121,118,1,3,Home
22500233,2025-11-16,2025-26,2025-11,LAC,Clippers,118,121,0,-3,Away
22500234,2025-11-16,2025-26,2025-11,SA,Spurs,123,110,1,13,Home
22500234,2025-11-16,2025-26,2025-11,SAC,Kings,110,123,0,-13,Away
22500235,2025-11-16,2025-26,2025-11,WSH,Wizards,106,129,0,-23,Home
22500235,2025-11-16,2025-26,2025-11,BKN,Nets,129,106,1,23,Away
22500236,2025-11-16,2025-26,2025-11,HOU,Rockets,117,113,1,4,Home
22500236,2025-11-16,2025-26,2025-11,ORL,Magic,113,117,0,-4,Away
22500237,2025-11-16,2025-26,2025-11,NO,Pelicans,106,124,0,-18,Home
22500237,2025-11-16,2025-26,2025-11,GS,Warriors,124,106,1,18,Away
22500238,2025-11-16,2025-26,2025-11,DAL,Mavericks,138,133,1,5,Home
22500238,2025-11-16,2025-26,2025-11,POR,Trail Blazers,133,138,0,-5,Away
22500239,2025-11-16,2025-26,2025-11,PHX,Suns,122,124,0,-2,Home
22500239,2025-11-16,2025-26,2025-11,ATL,Hawks,124,122,1,2,Away
22500240,2025-11-16,2025-26,2025-11,UTAH,Jazz,150,147,1,3,Home
22500240,2025-11-16,2025-26,2025-11,CHI,Bulls,147,150,0,-3,Away
22500241,2025-11-17,2025-26,2025-11,CLE,Cavaliers,118,106,1,12,Home
22500241,2025-11-17,2025-26,2025-11,MIL,Bucks,106,118,0,-12,Away
22500242,2025-11-17,2025-26,2025-11,DET,Pistons,127,112,1,15,Home
22500242,2025-11-17,2025-26,2025-11,IND,Pacers,112,127,0,-15,Away
22500243,2025-11-17,2025-26,2025-11,PHI,76ers,110,108,1,2,Home
22500243,2025-11-17,2025-26,2025-11,LAC,Clippers,108,110,0,-2,Away
22500244,2025-11-17,2025-26,2025-11,MIA,Heat,115,113,1,2,Home
22500244,2025-11-17,2025-26,2025-11,NY,Knicks,113,115,0,-2,Away
22500245,2025-11-17,2025-26,2025-11,TOR,Raptors,110,108,1,2,Home
22500245,2025-11-17,2025-26,2025-11,CHA,Hornets,108,110,0,-2,Away
22500246,2025-11-17,2025-26,2025-11,MIN,Timberwolves,120,96,1,24,Home
22500246,2025-11-17,2025-26,2025-11,DAL,Mavericks,96,120,0,-24,Away
22500247,2025-11-17,2025-26,2025-11,NO,Pelicans,109,126,0,-17,Home
22500247,2025-11-17,2025-26,2025-11,OKC,Thunder,126,109,1,17,Away
22500248,2025-11-17,2025-26,2025-11,DEN,Nuggets,127,130,0,-3,Home
22500248,2025-11-17,2025-26,2025-11,CHI,Bulls,130,127,1,3,Away
22500249,2025-11-18,2025-26,2025-11,ORL,Magic,121,113,1,8,Home
22500249,2025-11-18,2025-26,2025-11,GS,Warriors,113,121,0,-8,Away
22500250,2025-11-18,2025-26,2025-11,BKN,Nets,99,113,0,-14,Home
22500250,2025-11-18,2025-26,2025-11,BOS,Celtics,113,99,1,14,Away
22500251,2025-11-18,2025-26,2025-11,ATL,Hawks,112,120,0,-8,Home
22500251,2025-11-18,2025-26,2025-11,DET,Pistons,120,112,1,8,Away
22500252,2025-11-18,2025-26,2025-11,SA,Spurs,111,101,1,10,Home
22500252,2025-11-18,2025-26,2025-11,MEM,Grizzlies,101,111,0,-10,Away
22500253,2025-11-18,2025-26,2025-11,LAL,Lakers,140,126,1,14,Home
22500253,2025-11-18,2025-26,2025-11,UTAH,Jazz,126,140,0,-14,Away
22500254,2025-11-18,2025-26,2025-11,POR,Trail Blazers,110,127,0,-17,Home
22500254,2025-11-18,2025-26,2025-11,PHX,Suns,127,110,1,17,Away
22500255,2025-11-19,2025-26,2025-11,CLE,Cavaliers,104,114,0,-10,Home
22500255,2025-11-19,2025-26,2025-11,HOU,Rockets,114,104,1,10,Away
22500256,2025-11-19,2025-26,2025-11,IND,Pacers,127,118,1,9,Home
22500256,2025-11-19,2025-26,2025-11,CHA,Hornets,118,127,0,-9,Away
22500257,2025-11-19,2025-26,2025-11,MIA,Heat,110,96,1,14,Home
22500257,2025-11-19,2025-26,2025-11,GS,Warriors,96,110,0,-14,Away
22500258,2025-11-19,2025-26,2025-11,PHI,76ers,112,121,0,-9,Home
22500258,2025-11-19,2025-26,2025-11,TOR,Raptors,121,112,1,9,Away
22500259,2025-11-19,2025-26,2025-11,MIN,Timberwolves,120,109,1,11,Home
22500259,2025-11-19,2025-26,2025-11,WSH,Wizards,109,120,0,-11,Away
22500260,2025-11-19,2025-26,2025-11,NO,Pelicans,118,125,0,-7,Home
22500260,2025-11-19,2025-26,2025-11,DEN,Nuggets,125,118,1,7,Away
22500261,2025-11-19,2025-26,2025-11,OKC,Thunder,113,99,1,14,Home
22500261,2025-11-19,2025-26,2025-11,SAC,Kings,99,113,0,-14,Away
22500262,2025-11-19,2025-26,2025-11,DAL,Mavericks,111,113,0,-2,Home
22500262,2025-11-19,2025-26,2025-11,NY,Knicks,113,111,1,2,Away
22500263,2025-11-19,2025-26,2025-11,POR,Trail Blazers,121,122,0,-1,Home
22500263,2025-11-19,2025-26,2025-11,CHI,Bulls,122,121,1,1,Away
22500264,2025-11-20,2025-26,2025-11,ORL,Magic,129,101,1,28,Home
22500264,2025-11-20,2025-26,2025-11,LAC,Clippers,101,129,0,-28,Away
22500265,2025-11-20,2025-26,2025-11,MEM,Grizzlies,137,96,1,41,Home
22500265,2025-11-20,2025-26,2025-11,SAC,Kings,96,137,0,-41,Away
22500266,2025-11-20,2025-26,2025-11,MIL,Bucks,114,123,0,-9,Home
22500266,2025-11-20,2025-26,2025-11,PHI,76ers,123,114,1,9,Away
22500267,2025-11-20,2025-26,2025-11,SA,Spurs,135,126,1,9,Home
22500267,2025-11-20,2025-26,2025-11,ATL,Hawks,126,135,0,-9,Away
22500048,2025-11-21,2025-26,2025-11,CLE,Cavaliers,120,109,1,11,Home
22500048,2025-11-21,2025-26,2025-11,IND,Pacers,109,120,0,-11,Away
22500049,2025-11-21,2025-26,2025-11,BOS,Celtics,105,113,0,-8,Home
22500049,2025-11-21,2025-26,2025-11,BKN,Nets,113,105,1,8,Away
22500050,2025-11-21,2025-26,2025-11,TOR,Raptors,140,110,1,30,Home
22500050,2025-11-21,2025-26,2025-11,WSH,Wizards,110,140,0,-30,Away
22500051,2025-11-21,2025-26,2025-11,CHI,Bulls,107,143,0,-36,Home
22500051,2025-11-21,2025-26,2025-11,MIA,Heat,143,107,1,36,Away
22500052,2025-11-21,2025-26,2025-11,DAL,Mavericks,118,115,1,3,Home
22500052,2025-11-21,2025-26,2025-11,NO,Pelicans,115,118,0,-3,Away
22500053,2025-11-21,2025-26,2025-11,PHX,Suns,114,113,1,1,Home
22500053,2025-11-21,2025-26,2025-11,MIN,Timberwolves,113,114,0,-1,Away
22500054,2025-11-21,2025-26,2025-11,HOU,Rockets,109,112,0,-3,Home
22500054,2025-11-21,2025-26,2025-11,DEN,Nuggets,112,109,1,3,Away
22500055,2025-11-21,2025-26,2025-11,UTAH,Jazz,112,144,0,-32,Home
22500055,2025-11-21,2025-26,2025-11,OKC,Thunder,144,112,1,32,Away
22500056,2025-11-21,2025-26,2025-11,GS,Warriors,123,127,0,-4,Home
22500056,2025-11-21,2025-26,2025-11,POR,Trail Blazers,127,123,1,4,Away
22500268,2025-11-22,2025-26,2025-11,CHA,Hornets,116,131,0,-15,Home
22500268,2025-11-22,2025-26,2025-11,LAC,Clippers,131,116,1,15,Away
22500269,2025-11-22,2025-26,2025-11,ORL,Magic,133,121,1,12,Home
22500269,2025-11-22,2025-26,2025-11,NY,Knicks,121,133,0,-12,Away
22500270,2025-11-22,2025-26,2025-11,NO,Pelicans,98,115,0,-17,Home
22500270,2025-11-22,2025-26,2025-11,ATL,Hawks,115,98,1,17,Away
22500271,2025-11-22,2025-26,2025-11,CHI,Bulls,121,120,1,1,Home
22500271,2025-11-22,2025-26,2025-11,WSH,Wizards,120,121,0,-1,Away
22500272,2025-11-22,2025-26,2025-11,MIL,Bucks,116,129,0,-13,Home
22500272,2025-11-22,2025-26,2025-11,DET,Pistons,129,116,1,13,Away
22500273,2025-11-22,2025-26,2025-11,DAL,Mavericks,96,102,0,-6,Home
22500273,2025-11-22,2025-26,2025-11,MEM,Grizzlies,102,96,1,6,Away
22500274,2025-11-22,2025-26,2025-11,DEN,Nuggets,123,128,0,-5,Home
22500274,2025-11-22,2025-26,2025-11,SAC,Kings,128,123,1,5,Away
22500275,2025-11-23,2025-26,2025-11,PHI,76ers,117,127,0,-10,Home
22500275,2025-11-23,2025-26,2025-11,MIA,Heat,127,117,1,10,Away
22500276,2025-11-23,2025-26,2025-11,ATL,Hawks,113,110,1,3,Home
22500276,2025-11-23,2025-26,2025-11,CHA,Hornets,110,113,0,-3,Away
22500277,2025-11-23,2025-26,2025-11,BOS,Celtics,138,129,1,9,Home
22500277,2025-11-23,2025-26,2025-11,ORL,Magic,129,138,0,-9,Away
22500278,2025-11-23,2025-26,2025-11,CLE,Cavaliers,120,105,1,15,Home
22500278,2025-11-23,2025-26,2025-11,LAC,Clippers,105,120,0,-15,Away
22500279,2025-11-23,2025-26,2025-11,TOR,Raptors,119,109,1,10,Home
22500279,2025-11-23,2025-26,2025-11,BKN,Nets,109,119,0,-10,Away
22500280,2025-11-23,2025-26,2025-11,OKC,Thunder,122,95,1,27,Home
22500280,2025-11-23,2025-26,2025-11,POR,Trail Blazers,95,122,0,-27,Away
22500281,2025-11-23,2025-26,2025-11,PHX,Suns,111,102,1,9,Home
22500281,2025-11-23,2025-26,2025-11,SA,Spurs,102,111,0,-9,Away
22500282,2025-11-23,2025-26,2025-11,UTAH,Jazz,106,108,0,-2,Home
22500282,2025-11-23,2025-26,2025-11,LAL,Lakers,108,106,1,2,Away
22500283,2025-11-24,2025-26,2025-11,IND,Pacers,117,122,0,-5,Home
22500283,2025-11-24,2025-26,2025-11,DET,Pistons,122,117,1,5,Away
22500284,2025-11-24,2025-26,2025-11,TOR,Raptors,110,99,1,11,Home
22500284,2025-11-24,2025-26,2025-11,CLE,Cavaliers,99,110,0,-11,Away
22500285,2025-11-24,2025-26,2025-11,BKN,Nets,100,113,0,-13,Home
22500285,2025-11-24,2025-26,2025-11,NY,Knicks,113,100,1,13,Away
22500286,2025-11-24,2025-26,2025-11,MIA,Heat,106,102,1,4,Home
22500286,2025-11-24,2025-26,2025-11,DAL,Mavericks,102,106,0,-4,Away
22500287,2025-11-24,2025-26,2025-11,MEM,Grizzlies,115,125,0,-10,Home
22500287,2025-11-24,2025-26,2025-11,DEN,Nuggets,125,115,1,10,Away
22500288,2025-11-24,2025-26,2025-11,MIL,Bucks,103,115,0,-12,Home
22500288,2025-11-24,2025-26,2025-11,POR,Trail Blazers,115,103,1,12,Away
22500289,2025-11-24,2025-26,2025-11,NO,Pelicans,143,130,1,13,Home
22500289,2025-11-24,2025-26,2025-11,CHI,Bulls,130,143,0,-13,Away
22500290,2025-11-24,2025-26,2025-11,PHX,Suns,92,114,0,-22,Home
22500290,2025-11-24,2025-26,2025-11,HOU,Rockets,114,92,1,22,Away
22500291,2025-11-24,2025-26,2025-11,GS,Warriors,134,117,1,17,Home
22500291,2025-11-24,2025-26,2025-11,UTAH,Jazz,117,134,0,-17,Away
22500292,2025-11-24,2025-26,2025-11,SAC,Kings,117,112,1,5,Home
22500292,2025-11-24,2025-26,2025-11,MIN,Timberwolves,112,117,0,-5,Away
22500057,2025-11-25,2025-26,2025-11,WSH,Wizards,132,113,1,19,Home
22500057,2025-11-25,2025-26,2025-11,ATL,Hawks,113,132,0,-19,Away
22500058,2025-11-25,2025-26,2025-11,PHI,76ers,103,144,0,-41,Home
22500058,2025-11-25,2025-26,2025-11,ORL,Magic,144,103,1,41,Away
22500059,2025-11-25,2025-26,2025-11,LAL,Lakers,135,118,1,17,Home
22500059,2025-11-25,2025-26,2025-11,LAC,Clippers,118,135,0,-17,Away
22500060,2025-11-26,2025-26,2025-11,BOS,Celtics,117,114,1,3,Home
22500060,2025-11-26,2025-26,2025-11,DET,Pistons,114,117,0,-3,Away
22500061,2025-11-26,2025-26,2025-11,CHA,Hornets,101,129,0,-28,Home
22500061,2025-11-26,2025-26,2025-11,NY,Knicks,129,101,1,28,Away
22500062,2025-11-26,2025-26,2025-11,MIA,Heat,106,103,1,3,Home
22500062,2025-11-26,2025-26,2025-11,MIL,Bucks,103,106,0,-3,Away
22500063,2025-11-26,2025-26,2025-11,TOR,Raptors,97,95,1,2,Home
22500063,2025-11-26,2025-26,2025-11,IND,Pacers,95,97,0,-2,Away
22500064,2025-11-26,2025-26,2025-11,OKC,Thunder,113,105,1,8,Home
22500064,2025-11-26,2025-26,2025-11,MIN,Timberwolves,105,113,0,-8,Away
22500065,2025-11-26,2025-26,2025-11,NO,Pelicans,128,133,0,-5,Home
22500065,2025-11-26,2025-26,2025-11,MEM,Grizzlies,133,128,1,5,Away
22500066,2025-11-26,2025-26,2025-11,GS,Warriors,100,104,0,-4,Home
22500066,2025-11-26,2025-26,2025-11,HOU,Rockets,104,100,1,4,Away
22500067,2025-11-26,2025-26,2025-11,POR,Trail Blazers,102,115,0,-13,Home
22500067,2025-11-26,2025-26,2025-11,SA,Spurs,115,102,1,13,Away
22500068,2025-11-26,2025-26,2025-11,SAC,Kings,100,112,0,-12,Home
22500068,2025-11-26,2025-26,2025-11,PHX,Suns,112,100,1,12,Away
22500069,2025-11-28,2025-26,2025-11,ATL,Hawks,130,123,1,7,Home
22500069,2025-11-28,2025-26,2025-11,CLE,Cavaliers,123,130,0,-7,Away
22500070,2025-11-28,2025-26,2025-11,BKN,Nets,103,115,0,-12,Home
22500070,2025-11-28,2025-26,2025-11,PHI,76ers,115,103,1,12,Away
22500071,2025-11-28,2025-26,2025-11,CHA,Hornets,123,116,1,7,Home
22500071,2025-11-28,2025-26,2025-11,CHI,Bulls,116,123,0,-7,Away
22500072,2025-11-28,2025-26,2025-11,DET,Pistons,109,112,0,-3,Home
22500072,2025-11-28,2025-26,2025-11,ORL,Magic,112,109,1,3,Away
22500073,2025-11-28,2025-26,2025-11,IND,Pacers,119,86,1,33,Home
22500073,2025-11-28,2025-26,2025-11,WSH,Wizards,86,119,0,-33,Away
22500074,2025-11-28,2025-26,2025-11,NY,Knicks,118,109,1,9,Home
22500074,2025-11-28,2025-26,2025-11,MIL,Bucks,109,118,0,-9,Away
22500075,2025-11-28,2025-26,2025-11,OKC,Thunder,123,119,1,4,Home
22500075,2025-11-28,2025-26,2025-11,PHX,Suns,119,123,0,-4,Away
22500076,2025-11-28,2025-26,2025-11,DEN,Nuggets,136,139,0,-3,Home
22500076,2025-11-28,2025-26,2025-11,SA,Spurs,139,136,1,3,Away
22500077,2025-11-28,2025-26,2025-11,UTAH,Jazz,128,119,1,9,Home
22500077,2025-11-28,2025-26,2025-11,SAC,Kings,119,128,0,-9,Away
22500078,2025-11-28,2025-26,2025-11,LAL,Lakers,129,119,1,10,Home
22500078,2025-11-28,2025-26,2025-11,DAL,Mavericks,119,129,0,-10,Away
22500079,2025-11-28,2025-26,2025-11,LAC,Clippers,107,112,0,-5,Home
22500079,2025-11-28,2025-26,2025-11,MEM,Grizzlies,112,107,1,5,Away
22500293,2025-11-29,2025-26,2025-11,MIN,Timberwolves,119,115,1,4,Home
22500293,2025-11-29,2025-26,2025-11,BOS,Celtics,115,119,0,-4,Away
22500294,2025-11-29,2025-26,2025-11,CHA,Hornets,118,111,1,7,Home
22500294,2025-11-29,2025-26,2025-11,TOR,Raptors,111,118,0,-7,Away
22500295,2025-11-29,2025-26,2025-11,IND,Pacers,103,101,1,2,Home
22500295,2025-11-29,2025-26,2025-11,CHI,Bulls,101,103,0,-2,Away
22500296,2025-11-29,2025-26,2025-11,MIA,Heat,135,138,0,-3,Home
22500296,2025-11-29,2025-26,2025-11,DET,Pistons,138,135,1,3,Away
22500297,2025-11-29,2025-26,2025-11,MIL,Bucks,116,99,1,17,Home
22500297,2025-11-29,2025-26,2025-11,BKN,Nets,99,116,0,-17,Away
22500298,2025-11-29,2025-26,2025-11,GS,Warriors,104,96,1,8,Home
22500298,2025-11-29,2025-26,2025-11,NO,Pelicans,96,104,0,-8,Away
22500299,2025-11-29,2025-26,2025-11,PHX,Suns,112,130,0,-18,Home
22500299,2025-11-29,2025-26,2025-11,DEN,Nuggets,130,112,1,18,Away
22500300,2025-11-29,2025-26,2025-11,LAC,Clippers,110,114,0,-4,Home
22500300,2025-11-29,2025-26,2025-11,DAL,Mavericks,114,110,1,4,Away
22500301,2025-11-30,2025-26,2025-11,UTAH,Jazz,101,129,0,-28,Home
22500301,2025-11-30,2025-26,2025-11,HOU,Rockets,129,101,1,28,Away
22500302,2025-11-30,2025-26,2025-11,CLE,Cavaliers,115,117,0,-2,Home
22500302,2025-11-30,2025-26,2025-11,BOS,Celtics,117,115,1,2,Away
22500303,2025-11-30,2025-26,2025-11,NY,Knicks,116,94,1,22,Home
22500303,2025-11-30,2025-26,2025-11,TOR,Raptors,94,116,0,-22,Away
22500304,2025-11-30,2025-26,2025-11,PHI,76ers,134,142,0,-8,Home
22500304,2025-11-30,2025-26,2025-11,ATL,Hawks,142,134,1,8,Away
22500305,2025-11-30,2025-26,2025-11,POR,Trail Blazers,115,123,0,-8,Home
22500305,2025-11-30,2025-26,2025-11,OKC,Thunder,123,115,1,8,Away
22500306,2025-11-30,2025-26,2025-11,MIN,Timberwolves,125,112,1,13,Home
22500306,2025-11-30,2025-26,2025-11,SA,Spurs,112,125,0,-13,Away
22500307,2025-11-30,2025-26,2025-11,SAC,Kings,107,115,0,-8,Home
22500307,2025-11-30,2025-26,2025-11,MEM,Grizzlies,115,107,1,8,Away
22500308,2025-11-30,2025-26,2025-11,LAL,Lakers,133,121,1,12,Home
22500308,2025-11-30,2025-26,2025-11,NO,Pelicans,121,133,0,-12,Away
22500309,2025-12-01,2025-26,2025-12,DET,Pistons,99,98,1,1,Home
22500309,2025-12-01,2025-26,2025-12,ATL,Hawks,98,99,0,-1,Away
22500310,2025-12-01,2025-26,2025-12,IND,Pacers,119,135,0,-16,Home
22500310,2025-12-01,2025-26,2025-12,CLE,Cavaliers,135,119,1,16,Away
22500311,2025-12-01,2025-26,2025-12,WSH,Wizards,129,126,1,3,Home
22500311,2025-12-01,2025-26,2025-12,MIL,Bucks,126,129,0,-3,Away
22500312,2025-12-01,2025-26,2025-12,BKN,Nets,116,103,1,13,Home
22500312,2025-12-01,2025-26,2025-12,CHA,Hornets,103,116,0,-13,Away
22500313,2025-12-01,2025-26,2025-12,MIA,Heat,140,123,1,17,Home
22500313,2025-12-01,2025-26,2025-12,LAC,Clippers,123,140,0,-17,Away
22500314,2025-12-01,2025-26,2025-12,ORL,Magic,125,120,1,5,Home
22500314,2025-12-01,2025-26,2025-12,CHI,Bulls,120,125,0,-5,Away
22500315,2025-12-01,2025-26,2025-12,DEN,Nuggets,121,131,0,-10,Home
22500315,2025-12-01,2025-26,2025-12,DAL,Mavericks,131,121,1,10,Away
22500316,2025-12-01,2025-26,2025-12,UTAH,Jazz,133,125,1,8,Home
22500316,2025-12-01,2025-26,2025-12,HOU,Rockets,125,133,0,-8,Away
22500317,2025-12-01,2025-26,2025-12,LAL,Lakers,108,125,0,-17,Home
22500317,2025-12-01,2025-26,2025-12,PHX,Suns,125,108,1,17,Away
22500318,2025-12-02,2025-26,2025-12,PHI,76ers,121,102,1,19,Home
22500318,2025-12-02,2025-26,2025-12,WSH,Wizards,102,121,0,-19,Away
22500319,2025-12-02,2025-26,2025-12,TOR,Raptors,121,118,1,3,Home
22500319,2025-12-02,2025-26,2025-12,POR,Trail Blazers,118,121,0,-3,Away
22500320,2025-12-02,2025-26,2025-12,BOS,Celtics,123,117,1,6,Home
22500320,2025-12-02,2025-26,2025-12,NY,Knicks,117,123,0,-6,Away
22500321,2025-12-02,2025-26,2025-12,NO,Pelicans,142,149,0,-7,Home
22500321,2025-12-02,2025-26,2025-12,MIN,Timberwolves,149,142,1,7,Away
22500322,2025-12-02,2025-26,2025-12,SA,Spurs,126,119,1,7,Home
22500322,2025-12-02,2025-26,2025-12,MEM,Grizzlies,119,126,0,-7,Away
22500323,2025-12-02,2025-26,2025-12,GS,Warriors,112,124,0,-12,Home
22500323,2025-12-02,2025-26,2025-12,OKC,Thunder,124,112,1,12,Away
22500324,2025-12-03,2025-26,2025-12,CLE,Cavaliers,110,122,0,-12,Home
22500324,2025-12-03,2025-26,2025-12,POR,Trail Blazers,122,110,1,12,Away
22500325,2025-12-03,2025-26,2025-12,IND,Pacers,120,135,0,-15,Home
22500325,2025-12-03,2025-26,2025-12,DEN,Nuggets,135,120,1,15,Away
22500326,2025-12-03,2025-26,2025-12,ORL,Magic,112,114,0,-2,Home
22500326,2025-12-03,2025-26,2025-12,SA,Spurs,114,112,1,2,Away
22500327,2025-12-03,2025-26,2025-12,ATL,Hawks,92,115,0,-23,Home
22500327,2025-12-03,2025-26,2025-12,LAC,Clippers,115,92,1,23,Away
22500328,2025-12-03,2025-26,2025-12,NY,Knicks,119,104,1,15,Home
22500328,2025-12-03,2025-26,2025-12,CHA,Hornets,104,119,0,-15,Away
22500329,2025-12-03,2025-26,2025-12,CHI,Bulls,103,113,0,-10,Home
22500329,2025-12-03,2025-26,2025-12,BKN,Nets,113,103,1,10,Away
22500330,2025-12-03,2025-26,2025-12,HOU,Rockets,121,95,1,26,Home
22500330,2025-12-03,2025-26,2025-12,SAC,Kings,95,121,0,-26,Away
22500331,2025-12-03,2025-26,2025-12,MIL,Bucks,113,109,1,4,Home
22500331,2025-12-03,2025-26,2025-12,DET,Pistons,109,113,0,-4,Away
22500332,2025-12-03,2025-26,2025-12,DAL,Mavericks,118,108,1,10,Home
22500332,2025-12-03,2025-26,2025-12,MIA,Heat,108,118,0,-10,Away
22500333,2025-12-04,2025-26,2025-12,PHI,76ers,99,98,1,1,Home
22500333,2025-12-04,2025-26,2025-12,GS,Warriors,98,99,0,-1,Away
22500334,2025-12-04,2025-26,2025-12,WSH,Wizards,101,146,0,-45,Home
22500334,2025-12-04,2025-26,2025-12,BOS,Celtics,146,101,1,45,Away
22500335,2025-12-04,2025-26,2025-12,BKN,Nets,110,123,0,-13,Home
22500335,2025-12-04,2025-26,2025-12,UTAH,Jazz,123,110,1,13,Away
22500336,2025-12-04,2025-26,2025-12,TOR,Raptors,120,123,0,-3,Home
22500336,2025-12-04,2025-26,2025-12,LAL,Lakers,123,120,1,3,Away
22500337,2025-12-04,2025-26,2025-12,NO,Pelicans,116,125,0,-9,Home
22500337,2025-12-04,2025-26,2025-12,MIN,Timberwolves,125,116,1,9,Away
22500338,2025-12-05,2025-26,2025-12,BOS,Celtics,126,105,1,21,Home
22500338,2025-12-05,2025-26,2025-12,LAL,Lakers,105,126,0,-21,Away
22500339,2025-12-05,2025-26,2025-12,ORL,Magic,106,105,1,1,Home
22500339,2025-12-05,2025-26,2025-12,MIA,Heat,105,106,0,-1,Away
22500340,2025-12-05,2025-26,2025-12,ATL,Hawks,133,134,0,-1,Home
22500340,2025-12-05,2025-26,2025-12,DEN,Nuggets,134,133,1,1,Away
22500341,2025-12-05,2025-26,2025-12,CLE,Cavaliers,130,117,1,13,Home
22500341,2025-12-05,2025-26,2025-12,SA,Spurs,117,130,0,-13,Away
22500342,2025-12-05,2025-26,2025-12,DET,Pistons,122,116,1,6,Home
22500342,2025-12-05,2025-26,2025-12,POR,Trail Blazers,116,122,0,-6,Away
22500343,2025-12-05,2025-26,2025-12,NY,Knicks,146,112,1,34,Home
22500343,2025-12-05,2025-26,2025-12,UTAH,Jazz,112,146,0,-34,Away
22500344,2025-12-05,2025-26,2025-12,TOR,Raptors,86,111,0,-25,Home
22500344,2025-12-05,2025-26,2025-12,CHA,Hornets,111,86,1,25,Away
22500345,2025-12-05,2025-26,2025-12,CHI,Bulls,105,120,0,-15,Home
22500345,2025-12-05,2025-26,2025-12,IND,Pacers,120,105,1,15,Away
22500346,2025-12-05,2025-26,2025-12,HOU,Rockets,117,98,1,19,Home
22500346,2025-12-05,2025-26,2025-12,PHX,Suns,98,117,0,-19,Away
22500347,2025-12-05,2025-26,2025-12,MEM,Grizzlies,107,98,1,9,Home
22500347,2025-12-05,2025-26,2025-12,LAC,Clippers,98,107,0,-9,Away
22500348,2025-12-05,2025-26,2025-12,MIL,Bucks,101,116,0,-15,Home
22500348,2025-12-05,2025-26,2025-12,PHI,76ers,116,101,1,15,Away
22500349,2025-12-05,2025-26,2025-12,OKC,Thunder,132,111,1,21,Home
22500349,2025-12-05,2025-26,2025-12,DAL,Mavericks,111,132,0,-21,Away
22500350,2025-12-06,2025-26,2025-12,BKN,Nets,119,101,1,18,Home
22500350,2025-12-06,2025-26,2025-12,NO,Pelicans,101,119,0,-18,Away
22500351,2025-12-06,2025-26,2025-12,WSH,Wizards,116,131,0,-15,Home
22500351,2025-12-06,2025-26,2025-12,ATL,Hawks,131,116,1,15,Away
22500352,2025-12-06,2025-26,2025-12,CLE,Cavaliers,94,99,0,-5,Home
22500352,2025-12-06,2025-26,2025-12,GS,Warriors,99,94,1,5,Away
22500353,2025-12-06,2025-26,2025-12,DET,Pistons,124,112,1,12,Home
22500353,2025-12-06,2025-26,2025-12,MIL,Bucks,112,124,0,-12,Away
22500354,2025-12-06,2025-26,2025-12,MIA,Heat,111,127,0,-16,Home
22500354,2025-12-06,2025-26,2025-12,SAC,Kings,127,111,1,16,Away
22500355,2025-12-06,2025-26,2025-12,MIN,Timberwolves,109,106,1,3,Home
22500355,2025-12-06,2025-26,2025-12,LAC,Clippers,106,109,0,-3,Away
22500356,2025-12-06,2025-26,2025-12,DAL,Mavericks,122,109,1,13,Home
22500356,2025-12-06,2025-26,2025-12,HOU,Rockets,109,122,0,-13,Away
22500357,2025-12-07,2025-26,2025-12,NY,Knicks,106,100,1,6,Home
22500357,2025-12-07,2025-26,2025-12,ORL,Magic,100,106,0,-6,Away
22500358,2025-12-07,2025-26,2025-12,TOR,Raptors,113,121,0,-8,Home
22500358,2025-12-07,2025-26,2025-12,BOS,Celtics,121,113,1,8,Away
22500359,2025-12-07,2025-26,2025-12,CHA,Hornets,106,115,0,-9,Home
22500359,2025-12-07,2025-26,2025-12,DEN,Nuggets,115,106,1,9,Away
22500360,2025-12-07,2025-26,2025-12,MEM,Grizzlies,119,96,1,23,Home
22500360,2025-12-07,2025-26,2025-12,POR,Trail Blazers,96,119,0,-23,Away
22500361,2025-12-07,2025-26,2025-12,CHI,Bulls,91,123,0,-32,Home
22500361,2025-12-07,2025-26,2025-12,GS,Warriors,123,91,1,32,Away
22500362,2025-12-07,2025-26,2025-12,PHI,76ers,108,112,0,-4,Home
22500362,2025-12-07,2025-26,2025-12,LAL,Lakers,112,108,1,4,Away
22500363,2025-12-07,2025-26,2025-12,UTAH,Jazz,101,131,0,-30,Home
22500363,2025-12-07,2025-26,2025-12,OKC,Thunder,131,101,1,30,Away
22500364,2025-12-08,2025-26,2025-12,IND,Pacers,116,105,1,11,Home
22500364,2025-12-08,2025-26,2025-12,SAC,Kings,105,116,0,-11,Away
22500365,2025-12-08,2025-26,2025-12,MIN,Timberwolves,105,108,0,-3,Home
22500365,2025-12-08,2025-26,2025-12,PHX,Suns,108,105,1,3,Away
22500366,2025-12-08,2025-26,2025-12,NO,Pelicans,132,135,0,-3,Home
22500366,2025-12-08,2025-26,2025-12,SA,Spurs,135,132,1,3,Away
22501201,2025-12-09,2025-26,2025-12,ORL,Magic,117,108,1,9,Home
22501201,2025-12-09,2025-26,2025-12,MIA,Heat,108,117,0,-9,Away
22501202,2025-12-09,2025-26,2025-12,TOR,Raptors,101,117,0,-16,Home
22501202,2025-12-09,2025-26,2025-12,NY,Knicks,117,101,1,16,Away
22501203,2025-12-10,2025-26,2025-12,OKC,Thunder,138,89,1,49,Home
22501203,2025-12-10,2025-26,2025-12,PHX,Suns,89,138,0,-49,Away
22501204,2025-12-10,2025-26,2025-12,LAL,Lakers,119,132,0,-13,Home
22501204,2025-12-10,2025-26,2025-12,SA,Spurs,132,119,1,13,Away
22501205,2025-12-11,2025-26,2025-12,HOU,Rockets,115,113,1,2,Home
22501205,2025-12-11,2025-26,2025-12,LAC,Clippers,113,115,0,-2,Away
22501206,2025-12-11,2025-26,2025-12,MIL,Bucks,116,101,1,15,Home
22501206,2025-12-11,2025-26,2025-12,BOS,Celtics,101,116,0,-15,Away
22501207,2025-12-11,2025-26,2025-12,NO,Pelicans,143,120,1,23,Home
22501207,2025-12-11,2025-26,2025-12,POR,Trail Blazers,120,143,0,-23,Away
22501208,2025-12-11,2025-26,2025-12,SAC,Kings,105,136,0,-31,Home
22501208,2025-12-11,2025-26,2025-12,DEN,Nuggets,136,105,1,31,Away
22501209,2025-12-12,2025-26,2025-12,CHA,Hornets,126,129,0,-3,Home
22501209,2025-12-12,2025-26,2025-12,CHI,Bulls,129,126,1,3,Away
22501210,2025-12-12,2025-26,2025-12,DET,Pistons,142,115,1,27,Home
22501210,2025-12-12,2025-26,2025-12,ATL,Hawks,115,142,0,-27,Away
22501211,2025-12-12,2025-26,2025-12,PHI,76ers,115,105,1,10,Home
22501211,2025-12-12,2025-26,2025-12,IND,Pacers,105,115,0,-10,Away
22501212,2025-12-12,2025-26,2025-12,WSH,Wizards,126,130,0,-4,Home
22501212,2025-12-12,2025-26,2025-12,CLE,Cavaliers,130,126,1,4,Away
22501213,2025-12-12,2025-26,2025-12,MEM,Grizzlies,126,130,0,-4,Home
22501213,2025-12-12,2025-26,2025-12,UTAH,Jazz,130,126,1,4,Away
22501214,2025-12-12,2025-26,2025-12,DAL,Mavericks,119,111,1,8,Home
22501214,2025-12-12,2025-26,2025-12,BKN,Nets,111,119,0,-8,Away
22501215,2025-12-12,2025-26,2025-12,GS,Warriors,120,127,0,-7,Home
22501215,2025-12-12,2025-26,2025-12,MIN,Timberwolves,127,120,1,7,Away
22501229,2025-12-13,2025-26,2025-12,ORL,Magic,120,132,0,-12,Home
22501229,2025-12-13,2025-26,2025-12,NY,Knicks,132,120,1,12,Away
22501230,2025-12-13,2025-26,2025-12,OKC,Thunder,109,111,0,-2,Home
22501230,2025-12-13,2025-26,2025-12,SA,Spurs,111,109,1,2,Away
22501216,2025-12-14,2025-26,2025-12,IND,Pacers,89,108,0,-19,Home
22501216,2025-12-14,2025-26,2025-12,WSH,Wizards,108,89,1,19,Away
22501217,2025-12-14,2025-26,2025-12,ATL,Hawks,120,117,1,3,Home
22501217,2025-12-14,2025-26,2025-12,PHI,76ers,117,120,0,-3,Away
22501218,2025-12-14,2025-26,2025-12,CLE,Cavaliers,111,119,0,-8,Home
22501218,2025-12-14,2025-26,2025-12,CHA,Hornets,119,111,1,8,Away
22501219,2025-12-14,2025-26,2025-12,BKN,Nets,127,82,1,45,Home
22501219,2025-12-14,2025-26,2025-12,MIL,Bucks,82,127,0,-45,Away
22501220,2025-12-14,2025-26,2025-12,MIN,Timberwolves,117,103,1,14,Home
22501220,2025-12-14,2025-26,2025-12,SAC,Kings,103,117,0,-14,Away
22501221,2025-12-14,2025-26,2025-12,POR,Trail Blazers,136,131,1,5,Home
22501221,2025-12-14,2025-26,2025-12,GS,Warriors,131,136,0,-5,Away
22501223,2025-12-14,2025-26,2025-12,CHI,Bulls,104,114,0,-10,Home
22501223,2025-12-14,2025-26,2025-12,NO,Pelicans,114,104,1,10,Away
22501228,2025-12-14,2025-26,2025-12,PHX,Suns,114,116,0,-2,Home
22501228,2025-12-14,2025-26,2025-12,LAL,Lakers,116,114,1,2,Away
22501222,2025-12-15,2025-26,2025-12,BOS,Celtics,105,112,0,-7,Home
22501222,2025-12-15,2025-26,2025-12,DET,Pistons,112,105,1,7,Away
22501224,2025-12-15,2025-26,2025-12,UTAH,Jazz,140,133,1,7,Home
22501224,2025-12-15,2025-26,2025-12,DAL,Mavericks,133,140,0,-7,Away
22501225,2025-12-15,2025-26,2025-12,DEN,Nuggets,128,125,1,3,Home
22501225,2025-12-15,2025-26,2025-12,HOU,Rockets,125,128,0,-3,Away
22501226,2025-12-15,2025-26,2025-12,LAC,Clippers,103,121,0,-18,Home
22501226,2025-12-15,2025-26,2025-12,MEM,Grizzlies,121,103,1,18,Away
22501227,2025-12-15,2025-26,2025-12,MIA,Heat,96,106,0,-10,Home
22501227,2025-12-15,2025-26,2025-12,TOR,Raptors,106,96,1,10,Away
62500001,2025-12-16,2025-26,2025-12,NY,Knicks,124,113,1,11,Home
62500001,2025-12-16,2025-26,2025-12,SA,Spurs,113,124,0,-11,Away
22500367,2025-12-17,2025-26,2025-12,CHI,Bulls,127,111,1,16,Home
22500367,2025-12-17,2025-26,2025-12,CLE,Cavaliers,111,127,0,-16,Away
22500368,2025-12-17,2025-26,2025-12,MIN,Timberwolves,110,116,0,-6,Home
22500368,2025-12-17,2025-26,2025-12,MEM,Grizzlies,116,110,1,6,Away
22500369,2025-12-18,2025-26,2025-12,OKC,Thunder,122,101,1,21,Home
22500369,2025-12-18,2025-26,2025-12,LAC,Clippers,101,122,0,-21,Away
22500370,2025-12-18,2025-26,2025-12,SA,Spurs,119,94,1,25,Home
22500370,2025-12-18,2025-26,2025-12,WSH,Wizards,94,119,0,-25,Away
22500371,2025-12-18,2025-26,2025-12,CHA,Hornets,133,126,1,7,Home
22500371,2025-12-18,2025-26,2025-12,ATL,Hawks,126,133,0,-7,Away
22500372,2025-12-18,2025-26,2025-12,IND,Pacers,113,114,0,-1,Home
22500372,2025-12-18,2025-26,2025-12,NY,Knicks,114,113,1,1,Away
22500373,2025-12-18,2025-26,2025-12,BKN,Nets,95,106,0,-11,Home
22500373,2025-12-18,2025-26,2025-12,MIA,Heat,106,95,1,11,Away
22500374,2025-12-18,2025-26,2025-12,MIL,Bucks,105,111,0,-6,Home
22500374,2025-12-18,2025-26,2025-12,TOR,Raptors,111,105,1,6,Away
22500375,2025-12-18,2025-26,2025-12,NO,Pelicans,133,128,1,5,Home
22500375,2025-12-18,2025-26,2025-12,HOU,Rockets,128,133,0,-5,Away
22500376,2025-12-18,2025-26,2025-12,DAL,Mavericks,116,114,1,2,Home
22500376,2025-12-18,2025-26,2025-12,DET,Pistons,114,116,0,-2,Away
22500377,2025-12-18,2025-26,2025-12,DEN,Nuggets,126,115,1,11,Home
22500377,2025-12-18,2025-26,2025-12,ORL,Magic,115,126,0,-11,Away
22500378,2025-12-18,2025-26,2025-12,PHX,Suns,99,98,1,1,Home
22500378,2025-12-18,2025-26,2025-12,GS,Warriors,98,99,0,-1,Away
22500379,2025-12-18,2025-26,2025-12,UTAH,Jazz,135,143,0,-8,Home
22500379,2025-12-18,2025-26,2025-12,LAL,Lakers,143,135,1,8,Away
22500380,2025-12-18,2025-26,2025-12,POR,Trail Blazers,134,133,1,1,Home
22500380,2025-12-18,2025-26,2025-12,SAC,Kings,133,134,0,-1,Away
22500381,2025-12-19,2025-26,2025-12,BOS,Celtics,129,116,1,13,Home
22500381,2025-12-19,2025-26,2025-12,MIA,Heat,116,129,0,-13,Away
22500382,2025-12-19,2025-26,2025-12,NY,Knicks,107,116,0,-9,Home
22500382,2025-12-19,2025-26,2025-12,PHI,76ers,116,107,1,9,Away
22500383,2025-12-19,2025-26,2025-12,ATL,Hawks,98,126,0,-28,Home
22500383,2025-12-19,2025-26,2025-12,SA,Spurs,126,98,1,28,Away
22500384,2025-12-19,2025-26,2025-12,CLE,Cavaliers,125,136,0,-11,Home
22500384,2025-12-19,2025-26,2025-12,CHI,Bulls,136,125,1,11,Away
22500385,2025-12-19,2025-26,2025-12,MIN,Timberwolves,112,107,1,5,Home
22500385,2025-12-19,2025-26,2025-12,OKC,Thunder,107,112,0,-5,Away
22500386,2025-12-20,2025-26,2025-12,DEN,Nuggets,101,115,0,-14,Home
22500386,2025-12-20,2025-26,2025-12,HOU,Rockets,115,101,1,14,Away
22500387,2025-12-20,2025-26,2025-12,PHI,76ers,121,114,1,7,Home
22500387,2025-12-20,2025-26,2025-12,DAL,Mavericks,114,121,0,-7,Away
22500388,2025-12-20,2025-26,2025-12,TOR,Raptors,96,112,0,-16,Home
22500388,2025-12-20,2025-26,2025-12,BOS,Celtics,112,96,1,16,Away
22500389,2025-12-20,2025-26,2025-12,NO,Pelicans,128,109,1,19,Home
22500389,2025-12-20,2025-26,2025-12,IND,Pacers,109,128,0,-19,Away
22500390,2025-12-20,2025-26,2025-12,DET,Pistons,112,86,1,26,Home
22500390,2025-12-20,2025-26,2025-12,CHA,Hornets,86,112,0,-26,Away
22500391,2025-12-20,2025-26,2025-12,MEM,Grizzlies,122,130,0,-8,Home
22500391,2025-12-20,2025-26,2025-12,WSH,Wizards,130,122,1,8,Away
22500392,2025-12-20,2025-26,2025-12,GS,Warriors,119,116,1,3,Home
22500392,2025-12-20,2025-26,2025-12,PHX,Suns,116,119,0,-3,Away
22500393,2025-12-20,2025-26,2025-12,UTAH,Jazz,127,128,0,-1,Home
22500393,2025-12-20,2025-26,2025-12,ORL,Magic,128,127,1,1,Away
22500394,2025-12-20,2025-26,2025-12,SAC,Kings,93,98,0,-5,Home
22500394,2025-12-20,2025-26,2025-12,POR,Trail Blazers,98,93,1,5,Away
22500395,2025-12-20,2025-26,2025-12,LAC,Clippers,103,88,1,15,Home
22500395,2025-12-20,2025-26,2025-12,LAL,Lakers,88,103,0,-15,Away
22500396,2025-12-21,2025-26,2025-12,ATL,Hawks,150,152,0,-2,Home
22500396,2025-12-21,2025-26,2025-12,CHI,Bulls,152,150,1,2,Away
22500397,2025-12-21,2025-26,2025-12,BKN,Nets,96,81,1,15,Home
22500397,2025-12-21,2025-26,2025-12,TOR,Raptors,81,96,0,-15,Away
22500398,2025-12-21,2025-26,2025-12,NY,Knicks,132,125,1,7,Home
22500398,2025-12-21,2025-26,2025-12,MIA,Heat,125,132,0,-7,Away
22500399,2025-12-21,2025-26,2025-12,WSH,Wizards,113,124,0,-11,Home
22500399,2025-12-21,2025-26,2025-12,SA,Spurs,124,113,1,11,Away
22500400,2025-12-21,2025-26,2025-12,MIN,Timberwolves,103,100,1,3,Home
22500400,2025-12-21,2025-26,2025-12,MIL,Bucks,100,103,0,-3,Away
22500401,2025-12-21,2025-26,2025-12,SAC,Kings,125,124,1,1,Home
22500401,2025-12-21,2025-26,2025-12,HOU,Rockets,124,125,0,-1,Away
22500402,2025-12-22,2025-26,2025-12,CLE,Cavaliers,139,132,1,7,Home
22500402,2025-12-22,2025-26,2025-12,CHA,Hornets,132,139,0,-7,Away
22500403,2025-12-22,2025-26,2025-12,BOS,Celtics,103,95,1,8,Home
22500403,2025-12-22,2025-26,2025-12,IND,Pacers,95,103,0,-8,Away
22500404,2025-12-22,2025-26,2025-12,NO,Pelicans,119,113,1,6,Home
22500404,2025-12-22,2025-26,2025-12,DAL,Mavericks,113,119,0,-6,Away
22500405,2025-12-22,2025-26,2025-12,DEN,Nuggets,135,112,1,23,Home
22500405,2025-12-22,2025-26,2025-12,UTAH,Jazz,112,135,0,-23,Away
22500406,2025-12-22,2025-26,2025-12,OKC,Thunder,119,103,1,16,Home
22500406,2025-12-22,2025-26,2025-12,MEM,Grizzlies,103,119,0,-16,Away
22500407,2025-12-22,2025-26,2025-12,GS,Warriors,120,97,1,23,Home
22500407,2025-12-22,2025-26,2025-12,ORL,Magic,97,120,0,-23,Away
22500408,2025-12-22,2025-26,2025-12,POR,Trail Blazers,102,110,0,-8,Home
22500408,2025-12-22,2025-26,2025-12,DET,Pistons,110,102,1,8,Away
22500409,2025-12-23,2025-26,2025-12,CHA,Hornets,126,109,1,17,Home
22500409,2025-12-23,2025-26,2025-12,WSH,Wizards,109,126,0,-17,Away
22500410,2025-12-23,2025-26,2025-12,PHI,76ers,106,114,0,-8,Home
22500410,2025-12-23,2025-26,2025-12,BKN,Nets,114,106,1,8,Away
22500411,2025-12-23,2025-26,2025-12,ATL,Hawks,123,126,0,-3,Home
22500411,2025-12-23,2025-26,2025-12,CHI,Bulls,126,123,1,3,Away
22500412,2025-12-23,2025-26,2025-12,CLE,Cavaliers,141,118,1,23,Home
22500412,2025-12-23,2025-26,2025-12,NO,Pelicans,118,141,0,-23,Away
22500413,2025-12-23,2025-26,2025-12,IND,Pacers,94,111,0,-17,Home
22500413,2025-12-23,2025-26,2025-12,MIL,Bucks,111,94,1,17,Away
22500414,2025-12-23,2025-26,2025-12,MIA,Heat,91,112,0,-21,Home
22500414,2025-12-23,2025-26,2025-12,TOR,Raptors,112,91,1,21,Away
22500415,2025-12-23,2025-26,2025-12,DAL,Mavericks,131,130,1,1,Home
22500415,2025-12-23,2025-26,2025-12,DEN,Nuggets,130,131,0,-1,Away
22500416,2025-12-23,2025-26,2025-12,MIN,Timberwolves,115,104,1,11,Home
22500416,2025-12-23,2025-26,2025-12,NY,Knicks,104,115,0,-11,Away
22500417,2025-12-23,2025-26,2025-12,SA,Spurs,130,110,1,20,Home
22500417,2025-12-23,2025-26,2025-12,OKC,Thunder,110,130,0,-20,Away
22500418,2025-12-23,2025-26,2025-12,PHX,Suns,132,108,1,24,Home
22500418,2025-12-23,2025-26,2025-12,LAL,Lakers,108,132,0,-24,Away
22500419,2025-12-23,2025-26,2025-12,UTAH,Jazz,128,137,0,-9,Home
22500419,2025-12-23,2025-26,2025-12,MEM,Grizzlies,137,128,1,9,Away
22500420,2025-12-23,2025-26,2025-12,POR,Trail Blazers,106,110,0,-4,Home
22500420,2025-12-23,2025-26,2025-12,ORL,Magic,110,106,1,4,Away
22500421,2025-12-23,2025-26,2025-12,SAC,Kings,127,136,0,-9,Home
22500421,2025-12-23,2025-26,2025-12,DET,Pistons,136,127,1,9,Away
22500422,2025-12-23,2025-26,2025-12,LAC,Clippers,128,108,1,20,Home
22500422,2025-12-23,2025-26,2025-12,HOU,Rockets,108,128,0,-20,Away
22500009,2025-12-25,2025-26,2025-12,NY,Knicks,126,124,1,2,Home
22500009,2025-12-25,2025-26,2025-12,CLE,Cavaliers,124,126,0,-2,Away
22500010,2025-12-25,2025-26,2025-12,OKC,Thunder,102,117,0,-15,Home
22500010,2025-12-25,2025-26,2025-12,SA,Spurs,117,102,1,15,Away
22500011,2025-12-25,2025-26,2025-12,GS,Warriors,126,116,1,10,Home
22500011,2025-12-25,2025-26,2025-12,DAL,Mavericks,116,126,0,-10,Away
22500012,2025-12-25,2025-26,2025-12,LAL,Lakers,96,119,0,-23,Home
22500012,2025-12-25,2025-26,2025-12,HOU,Rockets,119,96,1,23,Away
22500013,2025-12-25,2025-26,2025-12,DEN,Nuggets,142,138,1,4,Home
22500013,2025-12-25,2025-26,2025-12,MIN,Timberwolves,138,142,0,-4,Away
22500423,2025-12-26,2025-26,2025-12,ATL,Hawks,111,126,0,-15,Home
22500423,2025-12-26,2025-26,2025-12,MIA,Heat,126,111,1,15,Away
22500424,2025-12-26,2025-26,2025-12,ORL,Magic,105,120,0,-15,Home
22500424,2025-12-26,2025-26,2025-12,CHA,Hornets,120,105,1,15,Away
22500425,2025-12-26,2025-26,2025-12,WSH,Wizards,138,117,1,21,Home
22500425,2025-12-26,2025-26,2025-12,TOR,Raptors,117,138,0,-21,Away
22500426,2025-12-26,2025-26,2025-12,IND,Pacers,122,140,0,-18,Home
22500426,2025-12-26,2025-26,2025-12,BOS,Celtics,140,122,1,18,Away
22500427,2025-12-26,2025-26,2025-12,CHI,Bulls,109,102,1,7,Home
22500427,2025-12-26,2025-26,2025-12,PHI,76ers,102,109,0,-7,Away
22500428,2025-12-26,2025-26,2025-12,MEM,Grizzlies,125,104,1,21,Home
22500428,2025-12-26,2025-26,2025-12,MIL,Bucks,104,125,0,-21,Away
22500429,2025-12-26,2025-26,2025-12,NO,Pelicans,108,115,0,-7,Home
22500429,2025-12-26,2025-26,2025-12,PHX,Suns,115,108,1,7,Away
22500430,2025-12-26,2025-26,2025-12,UTAH,Jazz,131,129,1,2,Home
22500430,2025-12-26,2025-26,2025-12,DET,Pistons,129,131,0,-2,Away
22500431,2025-12-26,2025-26,2025-12,POR,Trail Blazers,103,119,0,-16,Home
22500431,2025-12-26,2025-26,2025-12,LAC,Clippers,119,103,1,16,Away
22500432,2025-12-27,2025-26,2025-12,SAC,Kings,113,107,1,6,Home
22500432,2025-12-27,2025-26,2025-12,DAL,Mavericks,107,113,0,-6,Away
22500433,2025-12-27,2025-26,2025-12,ORL,Magic,127,126,1,1,Home
22500433,2025-12-27,2025-26,2025-12,DEN,Nuggets,126,127,0,-1,Away
22500434,2025-12-27,2025-26,2025-12,NO,Pelicans,114,123,0,-9,Home
22500434,2025-12-27,2025-26,2025-12,PHX,Suns,123,114,1,9,Away
22500435,2025-12-27,2025-26,2025-12,ATL,Hawks,125,128,0,-3,Home
22500435,2025-12-27,2025-26,2025-12,NY,Knicks,128,125,1,3,Away
22500436,2025-12-27,2025-26,2025-12,MIA,Heat,142,116,1,26,Home
22500436,2025-12-27,2025-26,2025-12,IND,Pacers,116,142,0,-26,Away
22500437,2025-12-27,2025-26,2025-12,CHI,Bulls,103,112,0,-9,Home
22500437,2025-12-27,2025-26,2025-12,MIL,Bucks,112,103,1,9,Away
22500438,2025-12-27,2025-26,2025-12,HOU,Rockets,117,100,1,17,Home
22500438,2025-12-27,2025-26,2025-12,CLE,Cavaliers,100,117,0,-17,Away
22500439,2025-12-27,2025-26,2025-12,MIN,Timberwolves,107,123,0,-16,Home
22500439,2025-12-27,2025-26,2025-12,BKN,Nets,123,107,1,16,Away
22500440,2025-12-27,2025-26,2025-12,SA,Spurs,114,127,0,-13,Home
22500440,2025-12-27,2025-26,2025-12,UTAH,Jazz,127,114,1,13,Away
22500441,2025-12-28,2025-26,2025-12,TOR,Raptors,141,127,1,14,Home
22500441,2025-12-28,2025-26,2025-12,GS,Warriors,127,141,0,-14,Away
22500442,2025-12-28,2025-26,2025-12,OKC,Thunder,129,104,1,25,Home
22500442,2025-12-28,2025-26,2025-12,PHI,76ers,104,129,0,-25,Away
22500443,2025-12-28,2025-26,2025-12,WSH,Wizards,116,112,1,4,Home
22500443,2025-12-28,2025-26,2025-12,MEM,Grizzlies,112,116,0,-4,Away
22500444,2025-12-28,2025-26,2025-12,POR,Trail Blazers,114,108,1,6,Home
22500444,2025-12-28,2025-26,2025-12,BOS,Celtics,108,114,0,-6,Away
22500445,2025-12-28,2025-26,2025-12,LAC,Clippers,112,99,1,13,Home
22500445,2025-12-28,2025-26,2025-12,DET,Pistons,99,112,0,-13,Away
22500446,2025-12-28,2025-26,2025-12,LAL,Lakers,125,101,1,24,Home
22500446,2025-12-28,2025-26,2025-12,SAC,Kings,101,125,0,-24,Away
22500447,2025-12-29,2025-26,2025-12,CHA,Hornets,113,123,0,-10,Home
22500447,2025-12-29,2025-26,2025-12,MIL,Bucks,123,113,1,10,Away
22500448,2025-12-29,2025-26,2025-12,WSH,Wizards,101,115,0,-14,Home
22500448,2025-12-29,2025-26,2025-12,PHX,Suns,115,101,1,14,Away
22500449,2025-12-29,2025-26,2025-12,BKN,Nets,107,120,0,-13,Home
22500449,2025-12-29,2025-26,2025-12,GS,Warriors,120,107,1,13,Away
22500450,2025-12-29,2025-26,2025-12,MIA,Heat,147,123,1,24,Home
22500450,2025-12-29,2025-26,2025-12,DEN,Nuggets,123,147,0,-24,Away
22500451,2025-12-29,2025-26,2025-12,TOR,Raptors,107,106,1,1,Home
22500451,2025-12-29,2025-26,2025-12,ORL,Magic,106,107,0,-1,Away
22500452,2025-12-29,2025-26,2025-12,CHI,Bulls,101,136,0,-35,Home
22500452,2025-12-29,2025-26,2025-12,MIN,Timberwolves,136,101,1,35,Away
22500453,2025-12-29,2025-26,2025-12,HOU,Rockets,126,119,1,7,Home
22500453,2025-12-29,2025-26,2025-12,IND,Pacers,119,126,0,-7,Away
22500454,2025-12-29,2025-26,2025-12,NO,Pelicans,125,130,0,-5,Home
22500454,2025-12-29,2025-26,2025-12,NY,Knicks,130,125,1,5,Away
22500455,2025-12-29,2025-26,2025-12,OKC,Thunder,140,129,1,11,Home
22500455,2025-12-29,2025-26,2025-12,ATL,Hawks,129,140,0,-11,Away
22500456,2025-12-29,2025-26,2025-12,SA,Spurs,101,113,0,-12,Home
22500456,2025-12-29,2025-26,2025-12,CLE,Cavaliers,113,101,1,12,Away
22500457,2025-12-29,2025-26,2025-12,POR,Trail Blazers,125,122,1,3,Home
22500457,2025-12-29,2025-26,2025-12,DAL,Mavericks,122,125,0,-3,Away
22500458,2025-12-30,2025-26,2025-12,MEM,Grizzlies,136,139,0,-3,Home
22500458,2025-12-30,2025-26,2025-12,PHI,76ers,139,136,1,3,Away
22500459,2025-12-30,2025-26,2025-12,UTAH,Jazz,119,129,0,-10,Home
22500459,2025-12-30,2025-26,2025-12,BOS,Celtics,129,119,1,10,Away
22500460,2025-12-30,2025-26,2025-12,LAL,Lakers,106,128,0,-22,Home
22500460,2025-12-30,2025-26,2025-12,DET,Pistons,128,106,1,22,Away
22500461,2025-12-30,2025-26,2025-12,LAC,Clippers,131,90,1,41,Home
22500461,2025-12-30,2025-26,2025-12,SAC,Kings,90,131,0,-41,Away
22500462,2025-12-31,2025-26,2025-12,CHA,Hornets,125,132,0,-7,Home
22500462,2025-12-31,2025-26,2025-12,GS,Warriors,132,125,1,7,Away
22500463,2025-12-31,2025-26,2025-12,ATL,Hawks,126,102,1,24,Home
22500463,2025-12-31,2025-26,2025-12,MIN,Timberwolves,102,126,0,-24,Away
22500464,2025-12-31,2025-26,2025-12,IND,Pacers,110,112,0,-2,Home
22500464,2025-12-31,2025-26,2025-12,ORL,Magic,112,110,1,2,Away
22500465,2025-12-31,2025-26,2025-12,CLE,Cavaliers,129,113,1,16,Home
22500465,2025-12-31,2025-26,2025-12,PHX,Suns,113,129,0,-16,Away
22500466,2025-12-31,2025-26,2025-12,CHI,Bulls,134,118,1,16,Home
22500466,2025-12-31,2025-26,2025-12,NO,Pelicans,118,134,0,-16,Away
22500467,2025-12-31,2025-26,2025-12,SA,Spurs,134,132,1,2,Home
22500467,2025-12-31,2025-26,2025-12,NY,Knicks,132,134,0,-2,Away
22500468,2025-12-31,2025-26,2025-12,TOR,Raptors,103,106,0,-3,Home
22500468,2025-12-31,2025-26,2025-12,DEN,Nuggets,106,103,1,3,Away
22500469,2025-12-31,2025-26,2025-12,MIL,Bucks,113,114,0,-1,Home
22500469,2025-12-31,2025-26,2025-12,WSH,Wizards,114,113,1,1,Away
22500470,2025-12-31,2025-26,2025-12,OKC,Thunder,124,95,1,29,Home
22500470,2025-12-31,2025-26,2025-12,POR,Trail Blazers,95,124,0,-29,Away
22500471,2026-01-01,2025-26,2026-01,BKN,Nets,96,120,0,-24,Home
22500471,2026-01-01,2025-26,2026-01,HOU,Rockets,120,96,1,24,Away
22500472,2026-01-01,2025-26,2026-01,DET,Pistons,112,118,0,-6,Home
22500472,2026-01-01,2025-26,2026-01,MIA,Heat,118,112,1,6,Away
22500473,2026-01-01,2025-26,2026-01,DAL,Mavericks,108,123,0,-15,Home
22500473,2026-01-01,2025-26,2026-01,PHI,76ers,123,108,1,15,Away
22500474,2026-01-01,2025-26,2026-01,SAC,Kings,106,120,0,-14,Home
22500474,2026-01-01,2025-26,2026-01,BOS,Celtics,120,106,1,14,Away
22500475,2026-01-01,2025-26,2026-01,LAC,Clippers,118,101,1,17,Home
22500475,2026-01-01,2025-26,2026-01,UTAH,Jazz,101,118,0,-17,Away
22500476,2026-01-02,2025-26,2026-01,IND,Pacers,113,123,0,-10,Home
22500476,2026-01-02,2025-26,2026-01,SA,Spurs,123,113,1,10,Away
22500477,2026-01-02,2025-26,2026-01,WSH,Wizards,119,99,1,20,Home
22500477,2026-01-02,2025-26,2026-01,BKN,Nets,99,119,0,-20,Away
22500478,2026-01-02,2025-26,2026-01,CLE,Cavaliers,113,108,1,5,Home
22500478,2026-01-02,2025-26,2026-01,DEN,Nuggets,108,113,0,-5,Away
22500479,2026-01-02,2025-26,2026-01,NY,Knicks,99,111,0,-12,Home
22500479,2026-01-02,2025-26,2026-01,ATL,Hawks,111,99,1,12,Away
22500480,2026-01-02,2025-26,2026-01,CHI,Bulls,121,114,1,7,Home
22500480,2026-01-02,2025-26,2026-01,ORL,Magic,114,121,0,-7,Away
22500481,2026-01-02,2025-26,2026-01,MIL,Bucks,122,121,1,1,Home
22500481,2026-01-02,2025-26,2026-01,CHA,Hornets,121,122,0,-1,Away
22500482,2026-01-02,2025-26,2026-01,NO,Pelicans,109,122,0,-13,Home
22500482,2026-01-02,2025-26,2026-01,POR,Trail Blazers,122,109,1,13,Away
22500483,2026-01-02,2025-26,2026-01,PHX,Suns,129,102,1,27,Home
22500483,2026-01-02,2025-26,2026-01,SAC,Kings,102,129,0,-27,Away
22500484,2026-01-02,2025-26,2026-01,GS,Warriors,94,131,0,-37,Home
22500484,2026-01-02,2025-26,2026-01,OKC,Thunder,131,94,1,37,Away
22500485,2026-01-02,2025-26,2026-01,LAL,Lakers,128,121,1,7,Home
22500485,2026-01-02,2025-26,2026-01,MEM,Grizzlies,121,128,0,-7,Away
22500486,2026-01-03,2025-26,2026-01,MIA,Heat,115,125,0,-10,Home
22500486,2026-01-03,2025-26,2026-01,MIN,Timberwolves,125,115,1,10,Away
22500487,2026-01-03,2025-26,2026-01,NY,Knicks,119,130,0,-11,Home
22500487,2026-01-03,2025-26,2026-01,PHI,76ers,130,119,1,11,Away
22500488,2026-01-03,2025-26,2026-01,TOR,Raptors,134,117,1,17,Home
22500488,2026-01-03,2025-26,2026-01,ATL,Hawks,117,134,0,-17,Away
22500489,2026-01-03,2025-26,2026-01,CHI,Bulls,99,112,0,-13,Home
22500489,2026-01-03,2025-26,2026-01,CHA,Hornets,112,99,1,13,Away
22500490,2026-01-03,2025-26,2026-01,SA,Spurs,110,115,0,-5,Home
22500490,2026-01-03,2025-26,2026-01,POR,Trail Blazers,115,110,1,5,Away
22500491,2026-01-03,2025-26,2026-01,DAL,Mavericks,110,104,1,6,Home
22500491,2026-01-03,2025-26,2026-01,HOU,Rockets,104,110,0,-6,Away
22500492,2026-01-03,2025-26,2026-01,GS,Warriors,123,114,1,9,Home
22500492,2026-01-03,2025-26,2026-01,UTAH,Jazz,114,123,0,-9,Away
22500493,2026-01-03,2025-26,2026-01,LAC,Clippers,115,146,0,-31,Home
22500493,2026-01-03,2025-26,2026-01,BOS,Celtics,146,115,1,31,Away
22500494,2026-01-04,2025-26,2026-01,CLE,Cavaliers,110,114,0,-4,Home
22500494,2026-01-04,2025-26,2026-01,DET,Pistons,114,110,1,4,Away
22500495,2026-01-04,2025-26,2026-01,ORL,Magic,135,127,1,8,Home
22500495,2026-01-04,2025-26,2026-01,IND,Pacers,127,135,0,-8,Away
22500496,2026-01-04,2025-26,2026-01,BKN,Nets,127,115,1,12,Home
22500496,2026-01-04,2025-26,2026-01,DEN,Nuggets,115,127,0,-12,Away
22500497,2026-01-04,2025-26,2026-01,MIA,Heat,125,106,1,19,Home
22500497,2026-01-04,2025-26,2026-01,NO,Pelicans,106,125,0,-19,Away
22500498,2026-01-04,2025-26,2026-01,WSH,Wizards,115,141,0,-26,Home
22500498,2026-01-04,2025-26,2026-01,MIN,Timberwolves,141,115,1,26,Away
22500499,2026-01-04,2025-26,2026-01,PHX,Suns,108,105,1,3,Home
22500499,2026-01-04,2025-26,2026-01,OKC,Thunder,105,108,0,-3,Away
22500500,2026-01-04,2025-26,2026-01,SAC,Kings,98,115,0,-17,Home
22500500,2026-01-04,2025-26,2026-01,MIL,Bucks,115,98,1,17,Away
22500501,2026-01-04,2025-26,2026-01,LAL,Lakers,120,114,1,6,Home
22500501,2026-01-04,2025-26,2026-01,MEM,Grizzlies,114,120,0,-6,Away
22500502,2026-01-05,2025-26,2026-01,DET,Pistons,121,90,1,31,Home
22500502,2026-01-05,2025-26,2026-01,NY,Knicks,90,121,0,-31,Away
22500503,2026-01-05,2025-26,2026-01,BOS,Celtics,115,101,1,14,Home
22500503,2026-01-05,2025-26,2026-01,CHI,Bulls,101,115,0,-14,Away
22500504,2026-01-05,2025-26,2026-01,TOR,Raptors,118,100,1,18,Home
22500504,2026-01-05,2025-26,2026-01,ATL,Hawks,100,118,0,-18,Away
22500505,2026-01-05,2025-26,2026-01,HOU,Rockets,100,97,1,3,Home
22500505,2026-01-05,2025-26,2026-01,PHX,Suns,97,100,0,-3,Away
22500506,2026-01-05,2025-26,2026-01,OKC,Thunder,97,124,0,-27,Home
22500506,2026-01-05,2025-26,2026-01,CHA,Hornets,124,97,1,27,Away
22500507,2026-01-05,2025-26,2026-01,PHI,76ers,124,125,0,-1,Home
22500507,2026-01-05,2025-26,2026-01,DEN,Nuggets,125,124,1,1,Away
22500508,2026-01-05,2025-26,2026-01,LAC,Clippers,103,102,1,1,Home
22500508,2026-01-05,2025-26,2026-01,GS,Warriors,102,103,0,-1,Away
22500509,2026-01-05,2025-26,2026-01,POR,Trail Blazers,137,117,1,20,Home
22500509,2026-01-05,2025-26,2026-01,UTAH,Jazz,117,137,0,-20,Away
22500510,2026-01-06,2025-26,2026-01,IND,Pacers,116,120,0,-4,Home
22500510,2026-01-06,2025-26,2026-01,CLE,Cavaliers,120,116,1,4,Away
22500511,2026-01-06,2025-26,2026-01,WSH,Wizards,120,112,1,8,Home
22500511,2026-01-06,2025-26,2026-01,ORL,Magic,112,120,0,-8,Away
22500512,2026-01-06,2025-26,2026-01,MEM,Grizzlies,106,105,1,1,Home
22500512,2026-01-06,2025-26,2026-01,SA,Spurs,105,106,0,-1,Away
22500513,2026-01-06,2025-26,2026-01,MIN,Timberwolves,122,94,1,28,Home
22500513,2026-01-06,2025-26,2026-01,MIA,Heat,94,122,0,-28,Away
22500514,2026-01-06,2025-26,2026-01,NO,Pelicans,103,111,0,-8,Home
22500514,2026-01-06,2025-26,2026-01,LAL,Lakers,111,103,1,8,Away
22500515,2026-01-06,2025-26,2026-01,SAC,Kings,98,100,0,-2,Home
22500515,2026-01-06,2025-26,2026-01,DAL,Mavericks,100,98,1,2,Away
22500516,2026-01-07,2025-26,2026-01,CHA,Hornets,96,97,0,-1,Home
22500516,2026-01-07,2025-26,2026-01,TOR,Raptors,97,96,1,1,Away
22500517,2026-01-07,2025-26,2026-01,DET,Pistons,108,93,1,15,Home
22500517,2026-01-07,2025-26,2026-01,CHI,Bulls,93,108,0,-15,Away
22500518,2026-01-07,2025-26,2026-01,PHI,76ers,131,110,1,21,Home
22500518,2026-01-07,2025-26,2026-01,WSH,Wizards,110,131,0,-21,Away
22500519,2026-01-07,2025-26,2026-01,ATL,Hawks,117,100,1,17,Home
22500519,2026-01-07,2025-26,2026-01,NO,Pelicans,100,117,0,-17,Away
22500520,2026-01-07,2025-26,2026-01,BOS,Celtics,110,114,0,-4,Home
22500520,2026-01-07,2025-26,2026-01,DEN,Nuggets,114,110,1,4,Away
22500521,2026-01-07,2025-26,2026-01,BKN,Nets,103,104,0,-1,Home
22500521,2026-01-07,2025-26,2026-01,ORL,Magic,104,103,1,1,Away
22500522,2026-01-07,2025-26,2026-01,NY,Knicks,123,111,1,12,Home
22500522,2026-01-07,2025-26,2026-01,LAC,Clippers,111,123,0,-12,Away
22500523,2026-01-07,2025-26,2026-01,SA,Spurs,107,91,1,16,Home
22500523,2026-01-07,2025-26,2026-01,LAL,Lakers,91,107,0,-16,Away
22500524,2026-01-07,2025-26,2026-01,MEM,Grizzlies,98,117,0,-19,Home
22500524,2026-01-07,2025-26,2026-01,PHX,Suns,117,98,1,19,Away
22500525,2026-01-07,2025-26,2026-01,OKC,Thunder,129,125,1,4,Home
22500525,2026-01-07,2025-26,2026-01,UTAH,Jazz,125,129,0,-4,Away
22500526,2026-01-07,2025-26,2026-01,GS,Warriors,120,113,1,7,Home
22500526,2026-01-07,2025-26,2026-01,MIL,Bucks,113,120,0,-7,Away
22500527,2026-01-07,2025-26,2026-01,POR,Trail Blazers,103,102,1,1,Home
22500527,2026-01-07,2025-26,2026-01,HOU,Rockets,102,103,0,-1,Away
22500528,2026-01-08,2025-26,2026-01,CHA,Hornets,112,114,0,-2,Home
22500528,2026-01-08,2025-26,2026-01,IND,Pacers,114,112,1,2,Away
22500530,2026-01-08,2025-26,2026-01,MIN,Timberwolves,131,122,1,9,Home
22500530,2026-01-08,2025-26,2026-01,CLE,Cavaliers,122,131,0,-9,Away
22500531,2026-01-08,2025-26,2026-01,UTAH,Jazz,116,114,1,2,Home
22500531,2026-01-08,2025-26,2026-01,DAL,Mavericks,114,116,0,-2,Away
22500532,2026-01-09,2025-26,2026-01,BOS,Celtics,125,117,1,8,Home
22500532,2026-01-09,2025-26,2026-01,TOR,Raptors,117,125,0,-8,Away
22500533,2026-01-09,2025-26,2026-01,ORL,Magic,91,103,0,-12,Home
22500533,2026-01-09,2025-26,2026-01,PHI,76ers,103,91,1,12,Away
22500534,2026-01-09,2025-26,2026-01,WSH,Wizards,107,128,0,-21,Home
22500534,2026-01-09,2025-26,2026-01,NO,Pelicans,128,107,1,21,Away
22500535,2026-01-09,2025-26,2026-01,BKN,Nets,105,121,0,-16,Home
22500535,2026-01-09,2025-26,2026-01,LAC,Clippers,121,105,1,16,Away
22500536,2026-01-09,2025-26,2026-01,MEM,Grizzlies,116,117,0,-1,Home
22500536,2026-01-09,2025-26,2026-01,OKC,Thunder,117,116,1,1,Away
22500537,2026-01-09,2025-26,2026-01,DEN,Nuggets,87,110,0,-23,Home
22500537,2026-01-09,2025-26,2026-01,ATL,Hawks,110,87,1,23,Away
22500538,2026-01-09,2025-26,2026-01,PHX,Suns,112,107,1,5,Home
22500538,2026-01-09,2025-26,2026-01,NY,Knicks,107,112,0,-5,Away
22500539,2026-01-09,2025-26,2026-01,GS,Warriors,137,103,1,34,Home
22500539,2026-01-09,2025-26,2026-01,SAC,Kings,103,137,0,-34,Away
22500540,2026-01-09,2025-26,2026-01,POR,Trail Blazers,111,105,1,6,Home
22500540,2026-01-09,2025-26,2026-01,HOU,Rockets,105,111,0,-6,Away
22500541,2026-01-09,2025-26,2026-01,LAL,Lakers,101,105,0,-4,Home
22500541,2026-01-09,2025-26,2026-01,MIL,Bucks,105,101,1,4,Away
22500542,2026-01-10,2025-26,2026-01,CLE,Cavaliers,146,134,1,12,Home
22500542,2026-01-10,2025-26,2026-01,MIN,Timberwolves,134,146,0,-12,Away
22500543,2026-01-10,2025-26,2026-01,IND,Pacers,123,99,1,24,Home
22500543,2026-01-10,2025-26,2026-01,MIA,Heat,99,123,0,-24,Away
22500544,2026-01-10,2025-26,2026-01,DET,Pistons,92,98,0,-6,Home
22500544,2026-01-10,2025-26,2026-01,LAC,Clippers,98,92,1,6,Away
22500545,2026-01-10,2025-26,2026-01,BOS,Celtics,95,100,0,-5,Home
22500545,2026-01-10,2025-26,2026-01,SA,Spurs,100,95,1,5,Away
22500546,2026-01-10,2025-26,2026-01,CHI,Bulls,125,107,1,18,Home
22500546,2026-01-10,2025-26,2026-01,DAL,Mavericks,107,125,0,-18,Away
22500547,2026-01-10,2025-26,2026-01,UTAH,Jazz,95,150,0,-55,Home
22500547,2026-01-10,2025-26,2026-01,CHA,Hornets,150,95,1,55,Away
22500548,2026-01-11,2025-26,2026-01,ORL,Magic,128,118,1,10,Home
22500548,2026-01-11,2025-26,2026-01,NO,Pelicans,118,128,0,-10,Away
22500549,2026-01-11,2025-26,2026-01,MEM,Grizzlies,103,98,1,5,Home
22500549,2026-01-11,2025-26,2026-01,BKN,Nets,98,103,0,-5,Away
22500550,2026-01-11,2025-26,2026-01,TOR,Raptors,116,115,1,1,Home
22500550,2026-01-11,2025-26,2026-01,PHI,76ers,115,116,0,-1,Away
22500551,2026-01-11,2025-26,2026-01,POR,Trail Blazers,114,123,0,-9,Home
22500551,2026-01-11,2025-26,2026-01,NY,Knicks,123,114,1,9,Away
22500552,2026-01-11,2025-26,2026-01,MIN,Timberwolves,104,103,1,1,Home
22500552,2026-01-11,2025-26,2026-01,SA,Spurs,103,104,0,-1,Away
22500553,2026-01-11,2025-26,2026-01,OKC,Thunder,124,112,1,12,Home
22500553,2026-01-11,2025-26,2026-01,MIA,Heat,112,124,0,-12,Away
22500554,2026-01-11,2025-26,2026-01,DEN,Nuggets,108,104,1,4,Home
22500554,2026-01-11,2025-26,2026-01,MIL,Bucks,104,108,0,-4,Away
22500555,2026-01-11,2025-26,2026-01,PHX,Suns,112,93,1,19,Home
22500555,2026-01-11,2025-26,2026-01,WSH,Wizards,93,112,0,-19,Away
22500556,2026-01-11,2025-26,2026-01,GS,Warriors,111,124,0,-13,Home
22500556,2026-01-11,2025-26,2026-01,ATL,Hawks,124,111,1,13,Away
22500557,2026-01-11,2025-26,2026-01,SAC,Kings,111,98,1,13,Home
22500557,2026-01-11,2025-26,2026-01,HOU,Rockets,98,111,0,-13,Away
22500558,2026-01-12,2025-26,2026-01,CLE,Cavaliers,112,123,0,-11,Home
22500558,2026-01-12,2025-26,2026-01,UTAH,Jazz,123,112,1,11,Away
22500559,2026-01-12,2025-26,2026-01,IND,Pacers,98,96,1,2,Home
22500559,2026-01-12,2025-26,2026-01,BOS,Celtics,96,98,0,-2,Away
22500560,2026-01-12,2025-26,2026-01,TOR,Raptors,102,115,0,-13,Home
22500560,2026-01-12,2025-26,2026-01,PHI,76ers,115,102,1,13,Away
22500561,2026-01-12,2025-26,2026-01,DAL,Mavericks,113,105,1,8,Home
22500561,2026-01-12,2025-26,2026-01,BKN,Nets,105,113,0,-8,Away
22500562,2026-01-12,2025-26,2026-01,SAC,Kings,124,112,1,12,Home
22500562,2026-01-12,2025-26,2026-01,LAL,Lakers,112,124,0,-12,Away
22500563,2026-01-12,2025-26,2026-01,LAC,Clippers,117,109,1,8,Home
22500563,2026-01-12,2025-26,2026-01,CHA,Hornets,109,117,0,-8,Away
22500564,2026-01-13,2025-26,2026-01,MIA,Heat,127,121,1,6,Home
22500564,2026-01-13,2025-26,2026-01,PHX,Suns,121,127,0,-6,Away
22500565,2026-01-13,2025-26,2026-01,HOU,Rockets,119,113,1,6,Home
22500565,2026-01-13,2025-26,2026-01,CHI,Bulls,113,119,0,-6,Away
22500566,2026-01-13,2025-26,2026-01,MIL,Bucks,106,139,0,-33,Home
22500566,2026-01-13,2025-26,2026-01,MIN,Timberwolves,139,106,1,33,Away
22500567,2026-01-13,2025-26,2026-01,NO,Pelicans,116,122,0,-6,Home
22500567,2026-01-13,2025-26,2026-01,DEN,Nuggets,122,116,1,6,Away
22500568,2026-01-13,2025-26,2026-01,OKC,Thunder,119,98,1,21,Home
22500568,2026-01-13,2025-26,2026-01,SA,Spurs,98,119,0,-21,Away
22500569,2026-01-13,2025-26,2026-01,LAL,Lakers,141,116,1,25,Home
22500569,2026-01-13,2025-26,2026-01,ATL,Hawks,116,141,0,-25,Away
22500570,2026-01-13,2025-26,2026-01,GS,Warriors,119,97,1,22,Home
22500570,2026-01-13,2025-26,2026-01,POR,Trail Blazers,97,119,0,-22,Away
22500571,2026-01-14,2025-26,2026-01,IND,Pacers,101,115,0,-14,Home
22500571,2026-01-14,2025-26,2026-01,TOR,Raptors,115,101,1,14,Away
22500572,2026-01-14,2025-26,2026-01,PHI,76ers,107,133,0,-26,Home
22500572,2026-01-14,2025-26,2026-01,CLE,Cavaliers,133,107,1,26,Away
22500573,2026-01-14,2025-26,2026-01,CHI,Bulls,128,126,1,2,Home
22500573,2026-01-14,2025-26,2026-01,UTAH,Jazz,126,128,0,-2,Away
22500574,2026-01-14,2025-26,2026-01,NO,Pelicans,116,113,1,3,Home
22500574,2026-01-14,2025-26,2026-01,BKN,Nets,113,116,0,-3,Away
22500575,2026-01-14,2025-26,2026-01,DAL,Mavericks,109,118,0,-9,Home
22500575,2026-01-14,2025-26,2026-01,DEN,Nuggets,118,109,1,9,Away
22500576,2026-01-14,2025-26,2026-01,SAC,Kings,112,101,1,11,Home
22500576,2026-01-14,2025-26,2026-01,NY,Knicks,101,112,0,-11,Away
22500577,2026-01-14,2025-26,2026-01,LAC,Clippers,119,105,1,14,Home
22500577,2026-01-14,2025-26,2026-01,WSH,Wizards,105,119,0,-14,Away
22500578,2026-01-15,2025-26,2026-01,ORL,Magic,118,111,1,7,Home
22500578,2026-01-15,2025-26,2026-01,MEM,Grizzlies,111,118,0,-7,Away
22500579,2026-01-15,2025-26,2026-01,DET,Pistons,108,105,1,3,Home
22500579,2026-01-15,2025-26,2026-01,PHX,Suns,105,108,0,-3,Away
22500580,2026-01-15,2025-26,2026-01,MIA,Heat,114,119,0,-5,Home
22500580,2026-01-15,2025-26,2026-01,BOS,Celtics,119,114,1,5,Away
22500581,2026-01-15,2025-26,2026-01,HOU,Rockets,91,111,0,-20,Home
22500581,2026-01-15,2025-26,2026-01,OKC,Thunder,111,91,1,20,Away
22500582,2026-01-15,2025-26,2026-01,SA,Spurs,119,101,1,18,Home
22500582,2026-01-15,2025-26,2026-01,MIL,Bucks,101,119,0,-18,Away
22500583,2026-01-15,2025-26,2026-01,DAL,Mavericks,144,122,1,22,Home
22500583,2026-01-15,2025-26,2026-01,UTAH,Jazz,122,144,0,-22,Away
22500584,2026-01-15,2025-26,2026-01,GS,Warriors,126,113,1,13,Home
22500584,2026-01-15,2025-26,2026-01,NY,Knicks,113,126,0,-13,Away
22500585,2026-01-15,2025-26,2026-01,POR,Trail Blazers,117,101,1,16,Home
22500585,2026-01-15,2025-26,2026-01,ATL,Hawks,101,117,0,-16,Away
22500586,2026-01-15,2025-26,2026-01,LAL,Lakers,117,135,0,-18,Home
22500586,2026-01-15,2025-26,2026-01,CHA,Hornets,135,117,1,18,Away
22500587,2026-01-16,2025-26,2026-01,BKN,Nets,112,109,1,3,Home
22500587,2026-01-16,2025-26,2026-01,CHI,Bulls,109,112,0,-3,Away
22500588,2026-01-16,2025-26,2026-01,IND,Pacers,127,119,1,8,Home
22500588,2026-01-16,2025-26,2026-01,NO,Pelicans,119,127,0,-8,Away
22500589,2026-01-16,2025-26,2026-01,PHI,76ers,115,117,0,-2,Home
22500589,2026-01-16,2025-26,2026-01,CLE,Cavaliers,117,115,1,2,Away
22500590,2026-01-16,2025-26,2026-01,TOR,Raptors,117,121,0,-4,Home
22500590,2026-01-16,2025-26,2026-01,LAC,Clippers,121,117,1,4,Away
22500591,2026-01-16,2025-26,2026-01,HOU,Rockets,110,105,1,5,Home
22500591,2026-01-16,2025-26,2026-01,MIN,Timberwolves,105,110,0,-5,Away
22500592,2026-01-16,2025-26,2026-01,SAC,Kings,128,115,1,13,Home
22500592,2026-01-16,2025-26,2026-01,WSH,Wizards,115,128,0,-13,Away
22500593,2026-01-17,2025-26,2026-01,DAL,Mavericks,138,120,1,18,Home
22500593,2026-01-17,2025-26,2026-01,UTAH,Jazz,120,138,0,-18,Away
22500594,2026-01-17,2025-26,2026-01,ATL,Hawks,106,132,0,-26,Home
22500594,2026-01-17,2025-26,2026-01,BOS,Celtics,132,106,1,26,Away
22500595,2026-01-17,2025-26,2026-01,DET,Pistons,121,78,1,43,Home
22500595,2026-01-17,2025-26,2026-01,IND,Pacers,78,121,0,-43,Away
22500596,2026-01-17,2025-26,2026-01,NY,Knicks,99,106,0,-7,Home
22500596,2026-01-17,2025-26,2026-01,PHX,Suns,106,99,1,7,Away
22500597,2026-01-17,2025-26,2026-01,MIA,Heat,122,120,1,2,Home
22500597,2026-01-17,2025-26,2026-01,OKC,Thunder,120,122,0,-2,Away
22500598,2026-01-17,2025-26,2026-01,SA,Spurs,126,123,1,3,Home
22500598,2026-01-17,2025-26,2026-01,MIN,Timberwolves,123,126,0,-3,Away
22500599,2026-01-17,2025-26,2026-01,GS,Warriors,136,116,1,20,Home
22500599,2026-01-17,2025-26,2026-01,CHA,Hornets,116,136,0,-20,Away
22500600,2026-01-17,2025-26,2026-01,DEN,Nuggets,121,115,1,6,Home
22500600,2026-01-17,2025-26,2026-01,WSH,Wizards,115,121,0,-6,Away
22500601,2026-01-17,2025-26,2026-01,POR,Trail Blazers,132,116,1,16,Home
22500601,2026-01-17,2025-26,2026-01,LAL,Lakers,116,132,0,-16,Away
22500602,2026-01-18,2025-26,2026-01,MEM,Grizzlies,126,109,1,17,Home
22500602,2026-01-18,2025-26,2026-01,ORL,Magic,109,126,0,-17,Away
22500603,2026-01-18,2025-26,2026-01,CHI,Bulls,124,102,1,22,Home
22500603,2026-01-18,2025-26,2026-01,BKN,Nets,102,124,0,-22,Away
22500604,2026-01-18,2025-26,2026-01,HOU,Rockets,119,110,1,9,Home
22500604,2026-01-18,2025-26,2026-01,NO,Pelicans,110,119,0,-9,Away
22500605,2026-01-18,2025-26,2026-01,DEN,Nuggets,87,110,0,-23,Home
22500605,2026-01-18,2025-26,2026-01,CHA,Hornets,110,87,1,23,Away
22500606,2026-01-18,2025-26,2026-01,SAC,Kings,110,117,0,-7,Home
22500606,2026-01-18,2025-26,2026-01,POR,Trail Blazers,117,110,1,7,Away
22500607,2026-01-18,2025-26,2026-01,LAL,Lakers,110,93,1,17,Home
22500607,2026-01-18,2025-26,2026-01,TOR,Raptors,93,110,0,-17,Away
22500014,2026-01-19,2025-26,2026-01,ATL,Hawks,110,112,0,-2,Home
22500014,2026-01-19,2025-26,2026-01,MIL,Bucks,112,110,1,2,Away
22500015,2026-01-19,2025-26,2026-01,CLE,Cavaliers,104,136,0,-32,Home
22500015,2026-01-19,2025-26,2026-01,OKC,Thunder,136,104,1,32,Away
22500016,2026-01-19,2025-26,2026-01,NY,Knicks,97,114,0,-17,Home
22500016,2026-01-19,2025-26,2026-01,DAL,Mavericks,114,97,1,17,Away
22500017,2026-01-19,2025-26,2026-01,DET,Pistons,104,103,1,1,Home
22500017,2026-01-19,2025-26,2026-01,BOS,Celtics,103,104,0,-1,Away
22500608,2026-01-19,2025-26,2026-01,WSH,Wizards,106,110,0,-4,Home
22500608,2026-01-19,2025-26,2026-01,LAC,Clippers,110,106,1,4,Away
22500609,2026-01-19,2025-26,2026-01,PHI,76ers,113,104,1,9,Home
22500609,2026-01-19,2025-26,2026-01,IND,Pacers,104,113,0,-9,Away
22500610,2026-01-19,2025-26,2026-01,BKN,Nets,117,126,0,-9,Home
22500610,2026-01-19,2025-26,2026-01,PHX,Suns,126,117,1,9,Away
22500611,2026-01-19,2025-26,2026-01,SA,Spurs,123,110,1,13,Home
22500611,2026-01-19,2025-26,2026-01,UTAH,Jazz,110,123,0,-13,Away
22500612,2026-01-19,2025-26,2026-01,GS,Warriors,135,112,1,23,Home
22500612,2026-01-19,2025-26,2026-01,MIA,Heat,112,135,0,-23,Away
22500613,2026-01-20,2025-26,2026-01,PHI,76ers,110,116,0,-6,Home
22500613,2026-01-20,2025-26,2026-01,PHX,Suns,116,110,1,6,Away
22500614,2026-01-20,2025-26,2026-01,CHI,Bulls,138,110,1,28,Home
22500614,2026-01-20,2025-26,2026-01,LAC,Clippers,110,138,0,-28,Away
22500615,2026-01-20,2025-26,2026-01,HOU,Rockets,111,106,1,5,Home
22500615,2026-01-20,2025-26,2026-01,SA,Spurs,106,111,0,-5,Away
22500616,2026-01-20,2025-26,2026-01,UTAH,Jazz,127,122,1,5,Home
22500616,2026-01-20,2025-26,2026-01,MIN,Timberwolves,122,127,0,-5,Away
22500617,2026-01-20,2025-26,2026-01,DEN,Nuggets,107,115,0,-8,Home
22500617,2026-01-20,2025-26,2026-01,LAL,Lakers,115,107,1,8,Away
22500618,2026-01-20,2025-26,2026-01,GS,Warriors,127,145,0,-18,Home
22500618,2026-01-20,2025-26,2026-01,TOR,Raptors,145,127,1,18,Away
22500619,2026-01-20,2025-26,2026-01,SAC,Kings,117,130,0,-13,Home
22500619,2026-01-20,2025-26,2026-01,MIA,Heat,130,117,1,13,Away
22500620,2026-01-21,2025-26,2026-01,CHA,Hornets,87,94,0,-7,Home
22500620,2026-01-21,2025-26,2026-01,CLE,Cavaliers,94,87,1,7,Away
22500621,2026-01-21,2025-26,2026-01,BOS,Celtics,119,104,1,15,Home
22500621,2026-01-21,2025-26,2026-01,IND,Pacers,104,119,0,-15,Away
22500622,2026-01-21,2025-26,2026-01,NY,Knicks,120,66,1,54,Home
22500622,2026-01-21,2025-26,2026-01,BKN,Nets,66,120,0,-54,Away
22500623,2026-01-21,2025-26,2026-01,MEM,Grizzlies,122,124,0,-2,Home
22500623,2026-01-21,2025-26,2026-01,ATL,Hawks,124,122,1,2,Away
22500624,2026-01-21,2025-26,2026-01,NO,Pelicans,104,112,0,-8,Home
22500624,2026-01-21,2025-26,2026-01,DET,Pistons,112,104,1,8,Away
22500625,2026-01-21,2025-26,2026-01,MIL,Bucks,102,122,0,-20,Home
22500625,2026-01-21,2025-26,2026-01,OKC,Thunder,122,102,1,20,Away
22500626,2026-01-21,2025-26,2026-01,SAC,Kings,109,122,0,-13,Home
22500626,2026-01-21,2025-26,2026-01,TOR,Raptors,122,109,1,13,Away
22500627,2026-01-22,2025-26,2026-01,ORL,Magic,97,124,0,-27,Home
22500627,2026-01-22,2025-26,2026-01,CHA,Hornets,124,97,1,27,Away
22500628,2026-01-22,2025-26,2026-01,PHI,76ers,128,122,1,6,Home
22500628,2026-01-22,2025-26,2026-01,HOU,Rockets,122,128,0,-6,Away
22500629,2026-01-22,2025-26,2026-01,WSH,Wizards,97,107,0,-10,Home
22500629,2026-01-22,2025-26,2026-01,DEN,Nuggets,107,97,1,10,Away
22500630,2026-01-22,2025-26,2026-01,DAL,Mavericks,123,115,1,8,Home
22500630,2026-01-22,2025-26,2026-01,GS,Warriors,115,123,0,-8,Away
22500631,2026-01-22,2025-26,2026-01,MIN,Timberwolves,115,120,0,-5,Home
22500631,2026-01-22,2025-26,2026-01,CHI,Bulls,120,115,1,5,Away
22500632,2026-01-22,2025-26,2026-01,UTAH,Jazz,109,126,0,-17,Home
22500632,2026-01-22,2025-26,2026-01,SA,Spurs,126,109,1,17,Away
22500633,2026-01-22,2025-26,2026-01,LAC,Clippers,112,104,1,8,Home
22500633,2026-01-22,2025-26,2026-01,LAL,Lakers,104,112,0,-8,Away
22500634,2026-01-22,2025-26,2026-01,POR,Trail Blazers,127,110,1,17,Home
22500634,2026-01-22,2025-26,2026-01,MIA,Heat,110,127,0,-17,Away
22500635,2026-01-23,2025-26,2026-01,DET,Pistons,104,111,0,-7,Home
22500635,2026-01-23,2025-26,2026-01,HOU,Rockets,111,104,1,7,Away
22500636,2026-01-23,2025-26,2026-01,ATL,Hawks,110,103,1,7,Home
22500636,2026-01-23,2025-26,2026-01,PHX,Suns,103,110,0,-7,Away
22500637,2026-01-23,2025-26,2026-01,BKN,Nets,126,130,0,-4,Home
22500637,2026-01-23,2025-26,2026-01,BOS,Celtics,130,126,1,4,Away
22500638,2026-01-23,2025-26,2026-01,CLE,Cavaliers,123,118,1,5,Home
22500638,2026-01-23,2025-26,2026-01,SAC,Kings,118,123,0,-5,Away
22500639,2026-01-23,2025-26,2026-01,MEM,Grizzlies,127,133,0,-6,Home
22500639,2026-01-23,2025-26,2026-01,NO,Pelicans,133,127,1,6,Away
22500640,2026-01-23,2025-26,2026-01,MIL,Bucks,100,102,0,-2,Home
22500640,2026-01-23,2025-26,2026-01,DEN,Nuggets,102,100,1,2,Away
22500641,2026-01-23,2025-26,2026-01,OKC,Thunder,114,117,0,-3,Home
22500641,2026-01-23,2025-26,2026-01,IND,Pacers,117,114,1,3,Away
22500642,2026-01-23,2025-26,2026-01,POR,Trail Blazers,98,110,0,-12,Home
22500642,2026-01-23,2025-26,2026-01,TOR,Raptors,110,98,1,12,Away
22500643,2026-01-24,2025-26,2026-01,PHI,76ers,109,112,0,-3,Home
22500643,2026-01-24,2025-26,2026-01,NY,Knicks,112,109,1,3,Away
22500645,2026-01-24,2025-26,2026-01,CHA,Hornets,119,115,1,4,Home
22500645,2026-01-24,2025-26,2026-01,WSH,Wizards,115,119,0,-4,Away
22500646,2026-01-24,2025-26,2026-01,ORL,Magic,105,119,0,-14,Home
22500646,2026-01-24,2025-26,2026-01,CLE,Cavaliers,119,105,1,14,Away
22500647,2026-01-24,2025-26,2026-01,CHI,Bulls,114,111,1,3,Home
22500647,2026-01-24,2025-26,2026-01,BOS,Celtics,111,114,0,-3,Away
22500648,2026-01-24,2025-26,2026-01,DAL,Mavericks,110,116,0,-6,Home
22500648,2026-01-24,2025-26,2026-01,LAL,Lakers,116,110,1,6,Away
22500649,2026-01-24,2025-26,2026-01,UTAH,Jazz,116,147,0,-31,Home
22500649,2026-01-24,2025-26,2026-01,MIA,Heat,147,116,1,31,Away
22500644,2026-01-25,2025-26,2026-01,MIN,Timberwolves,85,111,0,-26,Home
22500644,2026-01-25,2025-26,2026-01,GS,Warriors,111,85,1,26,Away
22500650,2026-01-25,2025-26,2026-01,DET,Pistons,139,116,1,23,Home
22500650,2026-01-25,2025-26,2026-01,SAC,Kings,116,139,0,-23,Away
22500653,2026-01-25,2025-26,2026-01,OKC,Thunder,101,103,0,-2,Home
22500653,2026-01-25,2025-26,2026-01,TOR,Raptors,103,101,1,2,Away
22500654,2026-01-25,2025-26,2026-01,SA,Spurs,95,104,0,-9,Home
22500654,2026-01-25,2025-26,2026-01,NO,Pelicans,104,95,1,9,Away
22500655,2026-01-25,2025-26,2026-01,PHX,Suns,102,111,0,-9,Home
22500655,2026-01-25,2025-26,2026-01,MIA,Heat,111,102,1,9,Away
22500656,2026-01-25,2025-26,2026-01,LAC,Clippers,126,89,1,37,Home
22500656,2026-01-25,2025-26,2026-01,BKN,Nets,89,126,0,-37,Away
22500657,2026-01-26,2025-26,2026-01,CHA,Hornets,130,93,1,37,Home
22500657,2026-01-26,2025-26,2026-01,PHI,76ers,93,130,0,-37,Away
22500658,2026-01-26,2025-26,2026-01,CLE,Cavaliers,114,98,1,16,Home
22500658,2026-01-26,2025-26,2026-01,ORL,Magic,98,114,0,-16,Away
22500659,2026-01-26,2025-26,2026-01,ATL,Hawks,132,116,1,16,Home
22500659,2026-01-26,2025-26,2026-01,IND,Pacers,116,132,0,-16,Away
22500660,2026-01-26,2025-26,2026-01,BOS,Celtics,102,94,1,8,Home
22500660,2026-01-26,2025-26,2026-01,POR,Trail Blazers,94,102,0,-8,Away
22500661,2026-01-26,2025-26,2026-01,CHI,Bulls,118,129,0,-11,Home
22500661,2026-01-26,2025-26,2026-01,LAL,Lakers,129,118,1,11,Away
22500662,2026-01-26,2025-26,2026-01,HOU,Rockets,108,99,1,9,Home
22500662,2026-01-26,2025-26,2026-01,MEM,Grizzlies,99,108,0,-9,Away
22500663,2026-01-26,2025-26,2026-01,MIN,Timberwolves,108,83,1,25,Home
22500663,2026-01-26,2025-26,2026-01,GS,Warriors,83,108,0,-25,Away
22500664,2026-01-27,2025-26,2026-01,WSH,Wizards,115,111,1,4,Home
22500664,2026-01-27,2025-26,2026-01,POR,Trail Blazers,111,115,0,-4,Away
22500665,2026-01-27,2025-26,2026-01,NY,Knicks,103,87,1,16,Home
22500665,2026-01-27,2025-26,2026-01,SAC,Kings,87,103,0,-16,Away
22500666,2026-01-27,2025-26,2026-01,PHI,76ers,139,122,1,17,Home
22500666,2026-01-27,2025-26,2026-01,MIL,Bucks,122,139,0,-17,Away
22500667,2026-01-27,2025-26,2026-01,OKC,Thunder,104,95,1,9,Home
22500667,2026-01-27,2025-26,2026-01,NO,Pelicans,95,104,0,-9,Away
22500668,2026-01-27,2025-26,2026-01,DEN,Nuggets,107,109,0,-2,Home
22500668,2026-01-27,2025-26,2026-01,DET,Pistons,109,107,1,2,Away
22500669,2026-01-27,2025-26,2026-01,PHX,Suns,106,102,1,4,Home
22500669,2026-01-27,2025-26,2026-01,BKN,Nets,102,106,0,-4,Away
22500670,2026-01-27,2025-26,2026-01,UTAH,Jazz,103,115,0,-12,Home
22500670,2026-01-27,2025-26,2026-01,LAC,Clippers,115,103,1,12,Away
22500671,2026-01-28,2025-26,2026-01,CLE,Cavaliers,129,99,1,30,Home
22500671,2026-01-28,2025-26,2026-01,LAL,Lakers,99,129,0,-30,Away
22500672,2026-01-28,2025-26,2026-01,IND,Pacers,113,110,1,3,Home
22500672,2026-01-28,2025-26,2026-01,CHI,Bulls,110,113,0,-3,Away
22500673,2026-01-28,2025-26,2026-01,BOS,Celtics,106,117,0,-11,Home
22500673,2026-01-28,2025-26,2026-01,ATL,Hawks,117,106,1,11,Away
22500674,2026-01-28,2025-26,2026-01,MIA,Heat,124,133,0,-9,Home
22500674,2026-01-28,2025-26,2026-01,ORL,Magic,133,124,1,9,Away
22500675,2026-01-28,2025-26,2026-01,TOR,Raptors,92,119,0,-27,Home
22500675,2026-01-28,2025-26,2026-01,NY,Knicks,119,92,1,27,Away
22500676,2026-01-28,2025-26,2026-01,MEM,Grizzlies,97,112,0,-15,Home
22500676,2026-01-28,2025-26,2026-01,CHA,Hornets,112,97,1,15,Away
22500677,2026-01-28,2025-26,2026-01,DAL,Mavericks,105,118,0,-13,Home
22500677,2026-01-28,2025-26,2026-01,MIN,Timberwolves,118,105,1,13,Away
22500678,2026-01-28,2025-26,2026-01,UTAH,Jazz,124,140,0,-16,Home
22500678,2026-01-28,2025-26,2026-01,GS,Warriors,140,124,1,16,Away
22500679,2026-01-28,2025-26,2026-01,HOU,Rockets,99,111,0,-12,Home
22500679,2026-01-28,2025-26,2026-01,SA,Spurs,111,99,1,12,Away
22500529,2026-01-29,2025-26,2026-01,CHI,Bulls,113,116,0,-3,Home
22500529,2026-01-29,2025-26,2026-01,MIA,Heat,116,113,1,3,Away
22500680,2026-01-29,2025-26,2026-01,PHI,76ers,113,111,1,2,Home
22500680,2026-01-29,2025-26,2026-01,SAC,Kings,111,113,0,-2,Away
22500681,2026-01-29,2025-26,2026-01,WSH,Wizards,109,99,1,10,Home
22500681,2026-01-29,2025-26,2026-01,MIL,Bucks,99,109,0,-10,Away
22500682,2026-01-29,2025-26,2026-01,ATL,Hawks,86,104,0,-18,Home
22500682,2026-01-29,2025-26,2026-01,HOU,Rockets,104,86,1,18,Away
22500683,2026-01-29,2025-26,2026-01,DAL,Mavericks,121,123,0,-2,Home
22500683,2026-01-29,2025-26,2026-01,CHA,Hornets,123,121,1,2,Away
22500684,2026-01-29,2025-26,2026-01,DEN,Nuggets,107,103,1,4,Home
22500684,2026-01-29,2025-26,2026-01,BKN,Nets,103,107,0,-4,Away
22500685,2026-01-29,2025-26,2026-01,PHX,Suns,114,96,1,18,Home
22500685,2026-01-29,2025-26,2026-01,DET,Pistons,96,114,0,-18,Away
22500686,2026-01-29,2025-26,2026-01,MIN,Timberwolves,123,111,1,12,Home
22500686,2026-01-29,2025-26,2026-01,OKC,Thunder,111,123,0,-12,Away
22500687,2026-01-30,2025-26,2026-01,ORL,Magic,130,120,1,10,Home
22500687,2026-01-30,2025-26,2026-01,TOR,Raptors,120,130,0,-10,Away
22500688,2026-01-30,2025-26,2026-01,WSH,Wizards,111,142,0,-31,Home
22500688,2026-01-30,2025-26,2026-01,LAL,Lakers,142,111,1,31,Away
22500689,2026-01-30,2025-26,2026-01,BOS,Celtics,112,93,1,19,Home
22500689,2026-01-30,2025-26,2026-01,SAC,Kings,93,112,0,-19,Away
22500690,2026-01-30,2025-26,2026-01,NY,Knicks,127,97,1,30,Home
22500690,2026-01-30,2025-26,2026-01,POR,Trail Blazers,97,127,0,-30,Away
22500691,2026-01-30,2025-26,2026-01,NO,Pelicans,114,106,1,8,Home
22500691,2026-01-30,2025-26,2026-01,MEM,Grizzlies,106,114,0,-8,Away
22500693,2026-01-30,2025-26,2026-01,PHX,Suns,126,113,1,13,Home
22500693,2026-01-30,2025-26,2026-01,CLE,Cavaliers,113,126,0,-13,Away
22500694,2026-01-30,2025-26,2026-01,UTAH,Jazz,99,109,0,-10,Home
22500694,2026-01-30,2025-26,2026-01,BKN,Nets,109,99,1,10,Away
22500695,2026-01-30,2025-26,2026-01,DEN,Nuggets,122,109,1,13,Home
22500695,2026-01-30,2025-26,2026-01,LAC,Clippers,109,122,0,-13,Away
22500696,2026-01-30,2025-26,2026-01,GS,Warriors,124,131,0,-7,Home
22500696,2026-01-30,2025-26,2026-01,DET,Pistons,131,124,1,7,Away
22500692,2026-01-31,2025-26,2026-01,MIA,Heat,118,125,0,-7,Home
22500692,2026-01-31,2025-26,2026-01,CHI,Bulls,125,118,1,7,Away
22500697,2026-01-31,2025-26,2026-01,CHA,Hornets,111,106,1,5,Home
22500697,2026-01-31,2025-26,2026-01,SA,Spurs,106,111,0,-5,Away
22500698,2026-01-31,2025-26,2026-01,IND,Pacers,129,124,1,5,Home
22500698,2026-01-31,2025-26,2026-01,ATL,Hawks,124,129,0,-5,Away
22500699,2026-01-31,2025-26,2026-01,PHI,76ers,124,114,1,10,Home
22500699,2026-01-31,2025-26,2026-01,NO,Pelicans,114,124,0,-10,Away
22500700,2026-01-31,2025-26,2026-01,MEM,Grizzlies,114,131,0,-17,Home
22500700,2026-01-31,2025-26,2026-01,MIN,Timberwolves,131,114,1,17,Away
22500701,2026-01-31,2025-26,2026-01,HOU,Rockets,111,107,1,4,Home
22500701,2026-01-31,2025-26,2026-01,DAL,Mavericks,107,111,0,-4,Away
22500702,2026-02-01,2025-26,2026-02,BOS,Celtics,107,79,1,28,Home
22500702,2026-02-01,2025-26,2026-02,MIL,Bucks,79,107,0,-28,Away
22500703,2026-02-01,2025-26,2026-02,SA,Spurs,112,103,1,9,Home
22500703,2026-02-01,2025-26,2026-02,ORL,Magic,103,112,0,-9,Away
22500704,2026-02-01,2025-26,2026-02,DET,Pistons,130,77,1,53,Home
22500704,2026-02-01,2025-26,2026-02,BKN,Nets,77,130,0,-53,Away
22500705,2026-02-01,2025-26,2026-02,MIA,Heat,134,91,1,43,Home
22500705,2026-02-01,2025-26,2026-02,CHI,Bulls,91,134,0,-43,Away
22500706,2026-02-01,2025-26,2026-02,TOR,Raptors,107,100,1,7,Home
22500706,2026-02-01,2025-26,2026-02,UTAH,Jazz,100,107,0,-7,Away
22500707,2026-02-01,2025-26,2026-02,WSH,Wizards,116,112,1,4,Home
22500707,2026-02-01,2025-26,2026-02,SAC,Kings,112,116,0,-4,Away
22500708,2026-02-01,2025-26,2026-02,NY,Knicks,112,100,1,12,Home
22500708,2026-02-01,2025-26,2026-02,LAL,Lakers,100,112,0,-12,Away
22500709,2026-02-01,2025-26,2026-02,PHX,Suns,93,117,0,-24,Home
22500709,2026-02-01,2025-26,2026-02,LAC,Clippers,117,93,1,24,Away
22500710,2026-02-01,2025-26,2026-02,POR,Trail Blazers,111,130,0,-19,Home
22500710,2026-02-01,2025-26,2026-02,CLE,Cavaliers,130,111,1,19,Away
22500711,2026-02-01,2025-26,2026-02,DEN,Nuggets,111,121,0,-10,Home
22500711,2026-02-01,2025-26,2026-02,OKC,Thunder,121,111,1,10,Away
22500712,2026-02-02,2025-26,2026-02,CHA,Hornets,102,95,1,7,Home
22500712,2026-02-02,2025-26,2026-02,NO,Pelicans,95,102,0,-7,Away
22500713,2026-02-02,2025-26,2026-02,IND,Pacers,114,118,0,-4,Home
22500713,2026-02-02,2025-26,2026-02,HOU,Rockets,118,114,1,4,Away
22500714,2026-02-02,2025-26,2026-02,MEM,Grizzlies,137,128,1,9,Home
22500714,2026-02-02,2025-26,2026-02,MIN,Timberwolves,128,137,0,-9,Away
22500715,2026-02-02,2025-26,2026-02,LAC,Clippers,113,128,0,-15,Home
22500715,2026-02-02,2025-26,2026-02,PHI,76ers,128,113,1,15,Away
22500716,2026-02-03,2025-26,2026-02,DET,Pistons,124,121,1,3,Home
22500716,2026-02-03,2025-26,2026-02,DEN,Nuggets,121,124,0,-3,Away
22500717,2026-02-03,2025-26,2026-02,IND,Pacers,122,131,0,-9,Home
22500717,2026-02-03,2025-26,2026-02,UTAH,Jazz,131,122,1,9,Away
22500718,2026-02-03,2025-26,2026-02,WSH,Wizards,101,132,0,-31,Home
22500718,2026-02-03,2025-26,2026-02,NY,Knicks,132,101,1,31,Away
22500719,2026-02-03,2025-26,2026-02,BKN,Nets,109,125,0,-16,Home
22500719,2026-02-03,2025-26,2026-02,LAL,Lakers,125,109,1,16,Away
22500720,2026-02-03,2025-26,2026-02,MIA,Heat,115,127,0,-12,Home
22500720,2026-02-03,2025-26,2026-02,ATL,Hawks,127,115,1,12,Away
22500721,2026-02-03,2025-26,2026-02,DAL,Mavericks,100,110,0,-10,Home
22500721,2026-02-03,2025-26,2026-02,BOS,Celtics,110,100,1,10,Away
22500722,2026-02-03,2025-26,2026-02,MIL,Bucks,131,115,1,16,Home
22500722,2026-02-03,2025-26,2026-02,CHI,Bulls,115,131,0,-16,Away
22500723,2026-02-03,2025-26,2026-02,OKC,Thunder,128,92,1,36,Home
22500723,2026-02-03,2025-26,2026-02,ORL,Magic,92,128,0,-36,Away
22500724,2026-02-03,2025-26,2026-02,GS,Warriors,94,113,0,-19,Home
22500724,2026-02-03,2025-26,2026-02,PHI,76ers,113,94,1,19,Away
22500725,2026-02-03,2025-26,2026-02,POR,Trail Blazers,125,130,0,-5,Home
22500725,2026-02-03,2025-26,2026-02,PHX,Suns,130,125,1,5,Away
22500726,2026-02-04,2025-26,2026-02,NY,Knicks,134,127,1,7,Home
22500726,2026-02-04,2025-26,2026-02,DEN,Nuggets,127,134,0,-7,Away
22500727,2026-02-04,2025-26,2026-02,TOR,Raptors,126,128,0,-2,Home
22500727,2026-02-04,2025-26,2026-02,MIN,Timberwolves,128,126,1,2,Away
22500728,2026-02-04,2025-26,2026-02,HOU,Rockets,93,114,0,-21,Home
22500728,2026-02-04,2025-26,2026-02,BOS,Celtics,114,93,1,21,Away
22500729,2026-02-04,2025-26,2026-02,MIL,Bucks,141,137,1,4,Home
22500729,2026-02-04,2025-26,2026-02,NO,Pelicans,137,141,0,-4,Away
22500730,2026-02-04,2025-26,2026-02,SA,Spurs,116,106,1,10,Home
22500730,2026-02-04,2025-26,2026-02,OKC,Thunder,106,116,0,-10,Away
22500731,2026-02-04,2025-26,2026-02,SAC,Kings,125,129,0,-4,Home
22500731,2026-02-04,2025-26,2026-02,MEM,Grizzlies,129,125,1,4,Away
22500732,2026-02-04,2025-26,2026-02,LAC,Clippers,91,124,0,-33,Home
22500732,2026-02-04,2025-26,2026-02,CLE,Cavaliers,124,91,1,33,Away
22500733,2026-02-05,2025-26,2026-02,DET,Pistons,117,126,0,-9,Home
22500733,2026-02-05,2025-26,2026-02,WSH,Wizards,126,117,1,9,Away
22500734,2026-02-05,2025-26,2026-02,ORL,Magic,118,98,1,20,Home
22500734,2026-02-05,2025-26,2026-02,BKN,Nets,98,118,0,-20,Away
22500735,2026-02-05,2025-26,2026-02,ATL,Hawks,121,119,1,2,Home
22500735,2026-02-05,2025-26,2026-02,UTAH,Jazz,119,121,0,-2,Away
22500736,2026-02-05,2025-26,2026-02,TOR,Raptors,123,107,1,16,Home
22500736,2026-02-05,2025-26,2026-02,CHI,Bulls,107,123,0,-16,Away
22500737,2026-02-05,2025-26,2026-02,HOU,Rockets,99,109,0,-10,Home
22500737,2026-02-05,2025-26,2026-02,CHA,Hornets,109,99,1,10,Away
22500738,2026-02-05,2025-26,2026-02,DAL,Mavericks,123,135,0,-12,Home
22500738,2026-02-05,2025-26,2026-02,SA,Spurs,135,123,1,12,Away
22500739,2026-02-05,2025-26,2026-02,PHX,Suns,97,101,0,-4,Home
22500739,2026-02-05,2025-26,2026-02,GS,Warriors,101,97,1,4,Away
22500740,2026-02-05,2025-26,2026-02,LAL,Lakers,119,115,1,4,Home
22500740,2026-02-05,2025-26,2026-02,PHI,76ers,115,119,0,-4,Away
22500741,2026-02-06,2025-26,2026-02,BOS,Celtics,98,96,1,2,Home
22500741,2026-02-06,2025-26,2026-02,MIA,Heat,96,98,0,-2,Away
22500742,2026-02-06,2025-26,2026-02,DET,Pistons,118,80,1,38,Home
22500742,2026-02-06,2025-26,2026-02,NY,Knicks,80,118,0,-38,Away
22500743,2026-02-06,2025-26,2026-02,MIL,Bucks,105,99,1,6,Home
22500743,2026-02-06,2025-26,2026-02,IND,Pacers,99,105,0,-6,Away
22500744,2026-02-06,2025-26,2026-02,MIN,Timberwolves,115,119,0,-4,Home
22500744,2026-02-06,2025-26,2026-02,NO,Pelicans,119,115,1,4,Away
22500745,2026-02-06,2025-26,2026-02,POR,Trail Blazers,135,115,1,20,Home
22500745,2026-02-06,2025-26,2026-02,MEM,Grizzlies,115,135,0,-20,Away
22500746,2026-02-06,2025-26,2026-02,SAC,Kings,111,114,0,-3,Home
22500746,2026-02-06,2025-26,2026-02,LAC,Clippers,114,111,1,3,Away
22500747,2026-02-07,2025-26,2026-02,BKN,Nets,127,113,1,14,Home
22500747,2026-02-07,2025-26,2026-02,WSH,Wizards,113,127,0,-14,Away
22500748,2026-02-07,2025-26,2026-02,OKC,Thunder,106,112,0,-6,Home
22500748,2026-02-07,2025-26,2026-02,HOU,Rockets,112,106,1,6,Away
22500749,2026-02-07,2025-26,2026-02,SA,Spurs,138,125,1,13,Home
22500749,2026-02-07,2025-26,2026-02,DAL,Mavericks,125,138,0,-13,Away
22500750,2026-02-07,2025-26,2026-02,ORL,Magic,120,117,1,3,Home
22500750,2026-02-07,2025-26,2026-02,UTAH,Jazz,117,120,0,-3,Away
22500751,2026-02-07,2025-26,2026-02,ATL,Hawks,119,126,0,-7,Home
22500751,2026-02-07,2025-26,2026-02,CHA,Hornets,126,119,1,7,Away
22500752,2026-02-07,2025-26,2026-02,CHI,Bulls,120,136,0,-16,Home
22500752,2026-02-07,2025-26,2026-02,DEN,Nuggets,136,120,1,16,Away
22500753,2026-02-07,2025-26,2026-02,LAL,Lakers,105,99,1,6,Home
22500753,2026-02-07,2025-26,2026-02,GS,Warriors,99,105,0,-6,Away
22500754,2026-02-07,2025-26,2026-02,PHX,Suns,103,109,0,-6,Home
22500754,2026-02-07,2025-26,2026-02,PHI,76ers,109,103,1,6,Away
22500755,2026-02-07,2025-26,2026-02,POR,Trail Blazers,122,115,1,7,Home
22500755,2026-02-07,2025-26,2026-02,MEM,Grizzlies,115,122,0,-7,Away
22500756,2026-02-07,2025-26,2026-02,SAC,Kings,126,132,0,-6,Home
22500756,2026-02-07,2025-26,2026-02,CLE,Cavaliers,132,126,1,6,Away
22500757,2026-02-08,2025-26,2026-02,BOS,Celtics,89,111,0,-22,Home
22500757,2026-02-08,2025-26,2026-02,NY,Knicks,111,89,1,22,Away
22500758,2026-02-08,2025-26,2026-02,WSH,Wizards,101,132,0,-31,Home
22500758,2026-02-08,2025-26,2026-02,MIA,Heat,132,101,1,31,Away
22500759,2026-02-08,2025-26,2026-02,TOR,Raptors,122,104,1,18,Home
22500759,2026-02-08,2025-26,2026-02,IND,Pacers,104,122,0,-18,Away
22500760,2026-02-08,2025-26,2026-02,MIN,Timberwolves,96,115,0,-19,Home
22500760,2026-02-08,2025-26,2026-02,LAC,Clippers,115,96,1,19,Away
22500761,2026-02-09,2025-26,2026-02,CHA,Hornets,104,110,0,-6,Home
22500761,2026-02-09,2025-26,2026-02,DET,Pistons,110,104,1,6,Away
22500762,2026-02-09,2025-26,2026-02,BKN,Nets,123,115,1,8,Home
22500762,2026-02-09,2025-26,2026-02,CHI,Bulls,115,123,0,-8,Away
22500763,2026-02-09,2025-26,2026-02,MIA,Heat,111,115,0,-4,Home
22500763,2026-02-09,2025-26,2026-02,UTAH,Jazz,115,111,1,4,Away
22500764,2026-02-09,2025-26,2026-02,ORL,Magic,118,99,1,19,Home
22500764,2026-02-09,2025-26,2026-02,MIL,Bucks,99,118,0,-19,Away
22500765,2026-02-09,2025-26,2026-02,MIN,Timberwolves,138,116,1,22,Home
22500765,2026-02-09,2025-26,2026-02,ATL,Hawks,116,138,0,-22,Away
22500766,2026-02-09,2025-26,2026-02,NO,Pelicans,120,94,1,26,Home
22500766,2026-02-09,2025-26,2026-02,SAC,Kings,94,120,0,-26,Away
22500767,2026-02-09,2025-26,2026-02,DEN,Nuggets,117,119,0,-2,Home
22500767,2026-02-09,2025-26,2026-02,CLE,Cavaliers,119,117,1,2,Away
22500768,2026-02-09,2025-26,2026-02,GS,Warriors,114,113,1,1,Home
22500768,2026-02-09,2025-26,2026-02,MEM,Grizzlies,113,114,0,-1,Away
22500769,2026-02-09,2025-26,2026-02,LAL,Lakers,110,119,0,-9,Home
22500769,2026-02-09,2025-26,2026-02,OKC,Thunder,119,110,1,9,Away
22500770,2026-02-09,2025-26,2026-02,POR,Trail Blazers,135,118,1,17,Home
22500770,2026-02-09,2025-26,2026-02,PHI,76ers,118,135,0,-17,Away
22500771,2026-02-10,2025-26,2026-02,NY,Knicks,134,137,0,-3,Home
22500771,2026-02-10,2025-26,2026-02,IND,Pacers,137,134,1,3,Away
22500772,2026-02-10,2025-26,2026-02,HOU,Rockets,102,95,1,7,Home
22500772,2026-02-10,2025-26,2026-02,LAC,Clippers,95,102,0,-7,Away
22500773,2026-02-10,2025-26,2026-02,PHX,Suns,120,111,1,9,Home
22500773,2026-02-10,2025-26,2026-02,DAL,Mavericks,111,120,0,-9,Away
22500774,2026-02-10,2025-26,2026-02,LAL,Lakers,108,136,0,-28,Home
22500774,2026-02-10,2025-26,2026-02,SA,Spurs,136,108,1,28,Away
22500775,2026-02-11,2025-26,2026-02,CHA,Hornets,110,107,1,3,Home
22500775,2026-02-11,2025-26,2026-02,ATL,Hawks,107,110,0,-3,Away
22500776,2026-02-11,2025-26,2026-02,CLE,Cavaliers,138,113,1,25,Home
22500776,2026-02-11,2025-26,2026-02,WSH,Wizards,113,138,0,-25,Away
22500777,2026-02-11,2025-26,2026-02,ORL,Magic,108,116,0,-8,Home
22500777,2026-02-11,2025-26,2026-02,MIL,Bucks,116,108,1,8,Away
22500778,2026-02-11,2025-26,2026-02,BOS,Celtics,124,105,1,19,Home
22500778,2026-02-11,2025-26,2026-02,CHI,Bulls,105,124,0,-19,Away
22500779,2026-02-11,2025-26,2026-02,BKN,Nets,110,115,0,-5,Home
22500779,2026-02-11,2025-26,2026-02,IND,Pacers,115,110,1,5,Away
22500780,2026-02-11,2025-26,2026-02,PHI,76ers,89,138,0,-49,Home
22500780,2026-02-11,2025-26,2026-02,NY,Knicks,138,89,1,49,Away
22500781,2026-02-11,2025-26,2026-02,TOR,Raptors,95,113,0,-18,Home
22500781,2026-02-11,2025-26,2026-02,DET,Pistons,113,95,1,18,Away
22500782,2026-02-11,2025-26,2026-02,HOU,Rockets,102,105,0,-3,Home
22500782,2026-02-11,2025-26,2026-02,LAC,Clippers,105,102,1,3,Away
22500783,2026-02-11,2025-26,2026-02,MIN,Timberwolves,133,109,1,24,Home
22500783,2026-02-11,2025-26,2026-02,POR,Trail Blazers,109,133,0,-24,Away
22500784,2026-02-11,2025-26,2026-02,NO,Pelicans,111,123,0,-12,Home
22500784,2026-02-11,2025-26,2026-02,MIA,Heat,123,111,1,12,Away
22500785,2026-02-11,2025-26,2026-02,PHX,Suns,109,136,0,-27,Home
22500785,2026-02-11,2025-26,2026-02,OKC,Thunder,136,109,1,27,Away
22500786,2026-02-11,2025-26,2026-02,UTAH,Jazz,121,93,1,28,Home
22500786,2026-02-11,2025-26,2026-02,SAC,Kings,93,121,0,-28,Away
22500787,2026-02-11,2025-26,2026-02,DEN,Nuggets,122,116,1,6,Home
22500787,2026-02-11,2025-26,2026-02,MEM,Grizzlies,116,122,0,-6,Away
22500788,2026-02-11,2025-26,2026-02,GS,Warriors,113,126,0,-13,Home
22500788,2026-02-11,2025-26,2026-02,SA,Spurs,126,113,1,13,Away
22500789,2026-02-12,2025-26,2026-02,OKC,Thunder,93,110,0,-17,Home
22500789,2026-02-12,2025-26,2026-02,MIL,Bucks,110,93,1,17,Away
22500790,2026-02-12,2025-26,2026-02,UTAH,Jazz,119,135,0,-16,Home
22500790,2026-02-12,2025-26,2026-02,POR,Trail Blazers,135,119,1,16,Away
22500791,2026-02-12,2025-26,2026-02,LAL,Lakers,124,104,1,20,Home
22500791,2026-02-12,2025-26,2026-02,DAL,Mavericks,104,124,0,-20,Away
22500792,2026-02-19,2025-26,2026-02,CHA,Hornets,101,105,0,-4,Home
22500792,2026-02-19,2025-26,2026-02,HOU,Rockets,105,101,1,4,Away
22500793,2026-02-19,2025-26,2026-02,CLE,Cavaliers,112,84,1,28,Home
22500793,2026-02-19,2025-26,2026-02,BKN,Nets,84,112,0,-28,Away
22500794,2026-02-19,2025-26,2026-02,PHI,76ers,107,117,0,-10,Home
22500794,2026-02-19,2025-26,2026-02,ATL,Hawks,117,107,1,10,Away
22500795,2026-02-19,2025-26,2026-02,WSH,Wizards,112,105,1,7,Home
22500795,2026-02-19,2025-26,2026-02,IND,Pacers,105,112,0,-7,Away
22500796,2026-02-19,2025-26,2026-02,NY,Knicks,111,126,0,-15,Home
22500796,2026-02-19,2025-26,2026-02,DET,Pistons,126,111,1,15,Away
22500797,2026-02-19,2025-26,2026-02,CHI,Bulls,101,110,0,-9,Home
22500797,2026-02-19,2025-26,2026-02,TOR,Raptors,110,101,1,9,Away
22500798,2026-02-19,2025-26,2026-02,SA,Spurs,121,94,1,27,Home
22500798,2026-02-19,2025-26,2026-02,PHX,Suns,94,121,0,-27,Away
22500799,2026-02-19,2025-26,2026-02,GS,Warriors,110,121,0,-11,Home
22500799,2026-02-19,2025-26,2026-02,BOS,Celtics,121,110,1,11,Away
22500800,2026-02-19,2025-26,2026-02,SAC,Kings,94,131,0,-37,Home
22500800,2026-02-19,2025-26,2026-02,ORL,Magic,131,94,1,37,Away
22500801,2026-02-19,2025-26,2026-02,LAC,Clippers,115,114,1,1,Home
22500801,2026-02-19,2025-26,2026-02,DEN,Nuggets,114,115,0,-1,Away
22500802,2026-02-20,2025-26,2026-02,CHA,Hornets,113,118,0,-5,Home
22500802,2026-02-20,2025-26,2026-02,CLE,Cavaliers,118,113,1,5,Away
22500803,2026-02-20,2025-26,2026-02,WSH,Wizards,131,118,1,13,Home
22500803,2026-02-20,2025-26,2026-02,IND,Pacers,118,131,0,-13,Away
22500804,2026-02-20,2025-26,2026-02,MEM,Grizzlies,123,114,1,9,Home
22500804,2026-02-20,2025-26,2026-02,UTAH,Jazz,114,123,0,-9,Away
22500805,2026-02-20,2025-26,2026-02,ATL,Hawks,97,128,0,-31,Home
22500805,2026-02-20,2025-26,2026-02,MIA,Heat,128,97,1,31,Away
22500806,2026-02-20,2025-26,2026-02,MIN,Timberwolves,122,111,1,11,Home
22500806,2026-02-20,2025-26,2026-02,DAL,Mavericks,111,122,0,-11,Away
22500807,2026-02-20,2025-26,2026-02,NO,Pelicans,118,139,0,-21,Home
22500807,2026-02-20,2025-26,2026-02,MIL,Bucks,139,118,1,21,Away
22500808,2026-02-20,2025-26,2026-02,OKC,Thunder,105,86,1,19,Home
22500808,2026-02-20,2025-26,2026-02,BKN,Nets,86,105,0,-19,Away
22500809,2026-02-20,2025-26,2026-02,LAL,Lakers,125,122,1,3,Home
22500809,2026-02-20,2025-26,2026-02,LAC,Clippers,122,125,0,-3,Away
22500810,2026-02-20,2025-26,2026-02,POR,Trail Blazers,103,157,0,-54,Home
22500810,2026-02-20,2025-26,2026-02,DEN,Nuggets,157,103,1,54,Away
22500811,2026-02-21,2025-26,2026-02,PHX,Suns,113,110,1,3,Home
22500811,2026-02-21,2025-26,2026-02,ORL,Magic,110,113,0,-3,Away
22500812,2026-02-21,2025-26,2026-02,NO,Pelicans,126,111,1,15,Home
22500812,2026-02-21,2025-26,2026-02,PHI,76ers,111,126,0,-15,Away
22500813,2026-02-21,2025-26,2026-02,MIA,Heat,136,120,1,16,Home
22500813,2026-02-21,2025-26,2026-02,MEM,Grizzlies,120,136,0,-16,Away
22500814,2026-02-21,2025-26,2026-02,CHI,Bulls,110,126,0,-16,Home
22500814,2026-02-21,2025-26,2026-02,DET,Pistons,126,110,1,16,Away
22500815,2026-02-21,2025-26,2026-02,SA,Spurs,139,122,1,17,Home
22500815,2026-02-21,2025-26,2026-02,SAC,Kings,122,139,0,-17,Away
22500816,2026-02-21,2025-26,2026-02,NY,Knicks,108,106,1,2,Home
22500816,2026-02-21,2025-26,2026-02,HOU,Rockets,106,108,0,-2,Away
22500817,2026-02-22,2025-26,2026-02,OKC,Thunder,121,113,1,8,Home
22500817,2026-02-22,2025-26,2026-02,CLE,Cavaliers,113,121,0,-8,Away
22500818,2026-02-22,2025-26,2026-02,ATL,Hawks,115,104,1,11,Home
22500818,2026-02-22,2025-26,2026-02,BKN,Nets,104,115,0,-11,Away
22500819,2026-02-22,2025-26,2026-02,MIL,Bucks,94,122,0,-28,Home
22500819,2026-02-22,2025-26,2026-02,TOR,Raptors,122,94,1,28,Away
22500820,2026-02-22,2025-26,2026-02,GS,Warriors,128,117,1,11,Home
22500820,2026-02-22,2025-26,2026-02,DEN,Nuggets,117,128,0,-11,Away
22500821,2026-02-22,2025-26,2026-02,IND,Pacers,130,134,0,-4,Home
22500821,2026-02-22,2025-26,2026-02,DAL,Mavericks,134,130,1,4,Away
22500822,2026-02-22,2025-26,2026-02,WSH,Wizards,112,129,0,-17,Home
22500822,2026-02-22,2025-26,2026-02,CHA,Hornets,129,112,1,17,Away
22500823,2026-02-22,2025-26,2026-02,LAL,Lakers,89,111,0,-22,Home
22500823,2026-02-22,2025-26,2026-02,BOS,Celtics,111,89,1,22,Away
22500824,2026-02-22,2025-26,2026-02,MIN,Timberwolves,108,135,0,-27,Home
22500824,2026-02-22,2025-26,2026-02,PHI,76ers,135,108,1,27,Away
22500825,2026-02-22,2025-26,2026-02,CHI,Bulls,99,105,0,-6,Home
22500825,2026-02-22,2025-26,2026-02,NY,Knicks,105,99,1,6,Away
22500826,2026-02-22,2025-26,2026-02,PHX,Suns,77,92,0,-15,Home
22500826,2026-02-22,2025-26,2026-02,POR,Trail Blazers,92,77,1,15,Away
22500827,2026-02-22,2025-26,2026-02,LAC,Clippers,109,111,0,-2,Home
22500827,2026-02-22,2025-26,2026-02,ORL,Magic,111,109,1,2,Away
22500828,2026-02-23,2025-26,2026-02,DET,Pistons,103,114,0,-11,Home
22500828,2026-02-23,2025-26,2026-02,SA,Spurs,114,103,1,11,Away
22500829,2026-02-23,2025-26,2026-02,MEM,Grizzlies,114,123,0,-9,Home
22500829,2026-02-23,2025-26,2026-02,SAC,Kings,123,114,1,9,Away
22500830,2026-02-23,2025-26,2026-02,HOU,Rockets,125,105,1,20,Home
22500830,2026-02-23,2025-26,2026-02,UTAH,Jazz,105,125,0,-20,Away
22500831,2026-02-24,2025-26,2026-02,IND,Pacers,114,135,0,-21,Home
22500831,2026-02-24,2025-26,2026-02,PHI,76ers,135,114,1,21,Away
22500832,2026-02-24,2025-26,2026-02,ATL,Hawks,119,98,1,21,Home
22500832,2026-02-24,2025-26,2026-02,WSH,Wizards,98,119,0,-21,Away
22500833,2026-02-24,2025-26,2026-02,BKN,Nets,114,123,0,-9,Home
22500833,2026-02-24,2025-26,2026-02,DAL,Mavericks,123,114,1,9,Away
22500834,2026-02-24,2025-26,2026-02,TOR,Raptors,107,116,0,-9,Home
22500834,2026-02-24,2025-26,2026-02,OKC,Thunder,116,107,1,9,Away
22500835,2026-02-24,2025-26,2026-02,CLE,Cavaliers,109,94,1,15,Home
22500835,2026-02-24,2025-26,2026-02,NY,Knicks,94,109,0,-15,Away
22500836,2026-02-24,2025-26,2026-02,CHI,Bulls,99,131,0,-32,Home
22500836,2026-02-24,2025-26,2026-02,CHA,Hornets,131,99,1,32,Away
22500837,2026-02-24,2025-26,2026-02,MIL,Bucks,128,117,1,11,Home
22500837,2026-02-24,2025-26,2026-02,MIA,Heat,117,128,0,-11,Away
22500838,2026-02-24,2025-26,2026-02,NO,Pelicans,113,109,1,4,Home
22500838,2026-02-24,2025-26,2026-02,GS,Warriors,109,113,0,-4,Away
22500839,2026-02-24,2025-26,2026-02,PHX,Suns,81,97,0,-16,Home
22500839,2026-02-24,2025-26,2026-02,BOS,Celtics,97,81,1,16,Away
22500840,2026-02-24,2025-26,2026-02,LAL,Lakers,109,110,0,-1,Home
22500840,2026-02-24,2025-26,2026-02,ORL,Magic,110,109,1,1,Away
22500841,2026-02-24,2025-26,2026-02,POR,Trail Blazers,121,124,0,-3,Home
22500841,2026-02-24,2025-26,2026-02,MIN,Timberwolves,124,121,1,3,Away
22500842,2026-02-25,2025-26,2026-02,DET,Pistons,124,116,1,8,Home
22500842,2026-02-25,2025-26,2026-02,OKC,Thunder,116,124,0,-8,Away
22500843,2026-02-25,2025-26,2026-02,TOR,Raptors,107,110,0,-3,Home
22500843,2026-02-25,2025-26,2026-02,SA,Spurs,110,107,1,3,Away
22500844,2026-02-25,2025-26,2026-02,MEM,Grizzlies,112,133,0,-21,Home
22500844,2026-02-25,2025-26,2026-02,GS,Warriors,133,112,1,21,Away
22500845,2026-02-25,2025-26,2026-02,HOU,Rockets,128,97,1,31,Home
22500845,2026-02-25,2025-26,2026-02,SAC,Kings,97,128,0,-31,Away
22500846,2026-02-25,2025-26,2026-02,MIL,Bucks,118,116,1,2,Home
22500846,2026-02-25,2025-26,2026-02,CLE,Cavaliers,116,118,0,-2,Away
22500847,2026-02-25,2025-26,2026-02,DEN,Nuggets,103,84,1,19,Home
22500847,2026-02-25,2025-26,2026-02,BOS,Celtics,84,103,0,-19,Away
22500848,2026-02-26,2025-26,2026-02,IND,Pacers,109,133,0,-24,Home
22500848,2026-02-26,2025-26,2026-02,CHA,Hornets,133,109,1,24,Away
22500849,2026-02-26,2025-26,2026-02,PHI,76ers,124,117,1,7,Home
22500849,2026-02-26,2025-26,2026-02,MIA,Heat,117,124,0,-7,Away
22500850,2026-02-26,2025-26,2026-02,ATL,Hawks,126,96,1,30,Home
22500850,2026-02-26,2025-26,2026-02,WSH,Wizards,96,126,0,-30,Away
22500851,2026-02-26,2025-26,2026-02,BKN,Nets,110,126,0,-16,Home
22500851,2026-02-26,2025-26,2026-02,SA,Spurs,126,110,1,16,Away
22500852,2026-02-26,2025-26,2026-02,ORL,Magic,108,113,0,-5,Home
22500852,2026-02-26,2025-26,2026-02,HOU,Rockets,113,108,1,5,Away
22500853,2026-02-26,2025-26,2026-02,CHI,Bulls,112,121,0,-9,Home
22500853,2026-02-26,2025-26,2026-02,POR,Trail Blazers,121,112,1,9,Away
22500854,2026-02-26,2025-26,2026-02,DAL,Mavericks,121,130,0,-9,Home
22500854,2026-02-26,2025-26,2026-02,SAC,Kings,130,121,1,9,Away
22500855,2026-02-26,2025-26,2026-02,PHX,Suns,113,110,1,3,Home
22500855,2026-02-26,2025-26,2026-02,LAL,Lakers,110,113,0,-3,Away
22500856,2026-02-26,2025-26,2026-02,UTAH,Jazz,118,129,0,-11,Home
22500856,2026-02-26,2025-26,2026-02,NO,Pelicans,129,118,1,11,Away
22500857,2026-02-26,2025-26,2026-02,LAC,Clippers,88,94,0,-6,Home
22500857,2026-02-26,2025-26,2026-02,MIN,Timberwolves,94,88,1,6,Away
22500858,2026-02-27,2025-26,2026-02,DET,Pistons,122,119,1,3,Home
22500858,2026-02-27,2025-26,2026-02,CLE,Cavaliers,119,122,0,-3,Away
22500859,2026-02-27,2025-26,2026-02,BOS,Celtics,148,111,1,37,Home
22500859,2026-02-27,2025-26,2026-02,BKN,Nets,111,148,0,-37,Away
22500860,2026-02-27,2025-26,2026-02,MIL,Bucks,98,127,0,-29,Home
22500860,2026-02-27,2025-26,2026-02,NY,Knicks,127,98,1,29,Away
22500861,2026-02-27,2025-26,2026-02,DAL,Mavericks,105,124,0,-19,Home
22500861,2026-02-27,2025-26,2026-02,MEM,Grizzlies,124,105,1,19,Away
22500862,2026-02-27,2025-26,2026-02,OKC,Thunder,127,121,1,6,Home
22500862,2026-02-27,2025-26,2026-02,DEN,Nuggets,121,127,0,-6,Away
22500863,2026-02-28,2025-26,2026-02,CHA,Hornets,109,93,1,16,Home
22500863,2026-02-28,2025-26,2026-02,POR,Trail Blazers,93,109,0,-16,Away
22500864,2026-02-28,2025-26,2026-02,MIA,Heat,115,105,1,10,Home
22500864,2026-02-28,2025-26,2026-02,HOU,Rockets,105,115,0,-10,Away
22500865,2026-02-28,2025-26,2026-02,WSH,Wizards,125,134,0,-9,Home
22500865,2026-02-28,2025-26,2026-02,TOR,Raptors,134,125,1,9,Away
22500866,2026-02-28,2025-26,2026-02,GS,Warriors,101,129,0,-28,Home
22500866,2026-02-28,2025-26,2026-02,LAL,Lakers,129,101,1,28,Away
22500867,2026-02-28,2025-26,2026-02,UTAH,Jazz,105,115,0,-10,Home
22500867,2026-02-28,2025-26,2026-02,NO,Pelicans,115,105,1,10,Away
22500868,2026-03-01,2025-26,2026-03,NY,Knicks,114,89,1,25,Home
22500868,2026-03-01,2025-26,2026-03,SA,Spurs,89,114,0,-25,Away
22500869,2026-03-01,2025-26,2026-03,BKN,Nets,102,106,0,-4,Home
22500869,2026-03-01,2025-26,2026-03,CLE,Cavaliers,106,102,1,4,Away
22500870,2026-03-01,2025-26,2026-03,CHI,Bulls,120,97,1,23,Home
22500870,2026-03-01,2025-26,2026-03,MIL,Bucks,97,120,0,-23,Away
22500871,2026-03-01,2025-26,2026-03,DEN,Nuggets,108,117,0,-9,Home
22500871,2026-03-01,2025-26,2026-03,MIN,Timberwolves,117,108,1,9,Away
22500872,2026-03-01,2025-26,2026-03,IND,Pacers,106,125,0,-19,Home
22500872,2026-03-01,2025-26,2026-03,MEM,Grizzlies,125,106,1,19,Away
22500873,2026-03-01,2025-26,2026-03,ATL,Hawks,135,101,1,34,Home
22500873,2026-03-01,2025-26,2026-03,POR,Trail Blazers,101,135,0,-34,Away
22500874,2026-03-01,2025-26,2026-03,BOS,Celtics,114,98,1,16,Home
22500874,2026-03-01,2025-26,2026-03,PHI,76ers,98,114,0,-16,Away
22500875,2026-03-01,2025-26,2026-03,ORL,Magic,92,106,0,-14,Home
22500875,2026-03-01,2025-26,2026-03,DET,Pistons,106,92,1,14,Away
22500876,2026-03-01,2025-26,2026-03,DAL,Mavericks,87,100,0,-13,Home
22500876,2026-03-01,2025-26,2026-03,OKC,Thunder,100,87,1,13,Away
22500877,2026-03-01,2025-26,2026-03,LAC,Clippers,137,117,1,20,Home
22500877,2026-03-01,2025-26,2026-03,NO,Pelicans,117,137,0,-20,Away
22500878,2026-03-01,2025-26,2026-03,LAL,Lakers,128,104,1,24,Home
22500878,2026-03-01,2025-26,2026-03,SAC,Kings,104,128,0,-24,Away
22500879,2026-03-02,2025-26,2026-03,WSH,Wizards,118,123,0,-5,Home
22500879,2026-03-02,2025-26,2026-03,HOU,Rockets,123,118,1,5,Away
22500880,2026-03-02,2025-26,2026-03,MIL,Bucks,81,108,0,-27,Home
22500880,2026-03-02,2025-26,2026-03,BOS,Celtics,108,81,1,27,Away
22500881,2026-03-02,2025-26,2026-03,UTAH,Jazz,125,128,0,-3,Home
22500881,2026-03-02,2025-26,2026-03,DEN,Nuggets,128,125,1,3,Away
22500882,2026-03-02,2025-26,2026-03,GS,Warriors,101,114,0,-13,Home
22500882,2026-03-02,2025-26,2026-03,LAC,Clippers,114,101,1,13,Away
22500883,2026-03-03,2025-26,2026-03,CHA,Hornets,117,90,1,27,Home
22500883,2026-03-03,2025-26,2026-03,DAL,Mavericks,90,117,0,-27,Away
22500884,2026-03-03,2025-26,2026-03,CLE,Cavaliers,113,109,1,4,Home
22500884,2026-03-03,2025-26,2026-03,DET,Pistons,109,113,0,-4,Away
22500885,2026-03-03,2025-26,2026-03,ORL,Magic,126,109,1,17,Home
22500885,2026-03-03,2025-26,2026-03,WSH,Wizards,109,126,0,-17,Away
22500886,2026-03-03,2025-26,2026-03,MIA,Heat,124,98,1,26,Home
22500886,2026-03-03,2025-26,2026-03,BKN,Nets,98,124,0,-26,Away
22500887,2026-03-03,2025-26,2026-03,TOR,Raptors,95,111,0,-16,Home
22500887,2026-03-03,2025-26,2026-03,NY,Knicks,111,95,1,16,Away
22500888,2026-03-03,2025-26,2026-03,PHI,76ers,91,131,0,-40,Home
22500888,2026-03-03,2025-26,2026-03,SA,Spurs,131,91,1,40,Away
22500889,2026-03-03,2025-26,2026-03,CHI,Bulls,108,116,0,-8,Home
22500889,2026-03-03,2025-26,2026-03,OKC,Thunder,116,108,1,8,Away
22500890,2026-03-03,2025-26,2026-03,MIN,Timberwolves,117,110,1,7,Home
22500890,2026-03-03,2025-26,2026-03,MEM,Grizzlies,110,117,0,-7,Away
22500891,2026-03-03,2025-26,2026-03,LAL,Lakers,110,101,1,9,Home
22500891,2026-03-03,2025-26,2026-03,NO,Pelicans,101,110,0,-9,Away
22500892,2026-03-03,2025-26,2026-03,SAC,Kings,103,114,0,-11,Home
22500892,2026-03-03,2025-26,2026-03,PHX,Suns,114,103,1,11,Away
22500893,2026-03-04,2025-26,2026-03,NY,Knicks,100,103,0,-3,Home
22500893,2026-03-04,2025-26,2026-03,OKC,Thunder,103,100,1,3,Away
22500894,2026-03-04,2025-26,2026-03,BOS,Celtics,89,118,0,-29,Home
22500894,2026-03-04,2025-26,2026-03,CHA,Hornets,118,89,1,29,Away
22500895,2026-03-04,2025-26,2026-03,PHI,76ers,106,102,1,4,Home
22500895,2026-03-04,2025-26,2026-03,UTAH,Jazz,102,106,0,-4,Away
22500896,2026-03-04,2025-26,2026-03,MEM,Grizzlies,114,122,0,-8,Home
22500896,2026-03-04,2025-26,2026-03,POR,Trail Blazers,122,114,1,8,Away
22500897,2026-03-04,2025-26,2026-03,MIL,Bucks,113,131,0,-18,Home
22500897,2026-03-04,2025-26,2026-03,ATL,Hawks,131,113,1,18,Away
22500898,2026-03-04,2025-26,2026-03,LAC,Clippers,130,107,1,23,Home
22500898,2026-03-04,2025-26,2026-03,IND,Pacers,107,130,0,-23,Away
22500899,2026-03-05,2025-26,2026-03,ORL,Magic,115,114,1,1,Home
22500899,2026-03-05,2025-26,2026-03,DAL,Mavericks,114,115,0,-1,Away
22500900,2026-03-05,2025-26,2026-03,WSH,Wizards,112,122,0,-10,Home
22500900,2026-03-05,2025-26,2026-03,UTAH,Jazz,122,112,1,10,Away
22500901,2026-03-05,2025-26,2026-03,MIA,Heat,126,110,1,16,Home
22500901,2026-03-05,2025-26,2026-03,BKN,Nets,110,126,0,-16,Away
22500902,2026-03-05,2025-26,2026-03,HOU,Rockets,113,115,0,-2,Home
22500902,2026-03-05,2025-26,2026-03,GS,Warriors,115,113,1,2,Away
22500903,2026-03-05,2025-26,2026-03,MIN,Timberwolves,115,107,1,8,Home
22500903,2026-03-05,2025-26,2026-03,TOR,Raptors,107,115,0,-8,Away
22500904,2026-03-05,2025-26,2026-03,SA,Spurs,121,106,1,15,Home
22500904,2026-03-05,2025-26,2026-03,DET,Pistons,106,121,0,-15,Away
22500905,2026-03-05,2025-26,2026-03,PHX,Suns,103,105,0,-2,Home
22500905,2026-03-05,2025-26,2026-03,CHI,Bulls,105,103,1,2,Away
22500906,2026-03-05,2025-26,2026-03,DEN,Nuggets,120,113,1,7,Home
22500906,2026-03-05,2025-26,2026-03,LAL,Lakers,113,120,0,-7,Away
22500907,2026-03-05,2025-26,2026-03,SAC,Kings,123,133,0,-10,Home
22500907,2026-03-05,2025-26,2026-03,NO,Pelicans,133,123,1,10,Away
22500908,2026-03-06,2025-26,2026-03,BOS,Celtics,120,100,1,20,Home
22500908,2026-03-06,2025-26,2026-03,DAL,Mavericks,100,120,0,-20,Away
22500909,2026-03-06,2025-26,2026-03,CHA,Hornets,120,128,0,-8,Home
22500909,2026-03-06,2025-26,2026-03,MIA,Heat,128,120,1,8,Away
22500910,2026-03-06,2025-26,2026-03,HOU,Rockets,106,99,1,7,Home
22500910,2026-03-06,2025-26,2026-03,POR,Trail Blazers,99,106,0,-7,Away
22500911,2026-03-06,2025-26,2026-03,DEN,Nuggets,103,142,0,-39,Home
22500911,2026-03-06,2025-26,2026-03,NY,Knicks,142,103,1,39,Away
22500912,2026-03-06,2025-26,2026-03,PHX,Suns,118,116,1,2,Home
22500912,2026-03-06,2025-26,2026-03,NO,Pelicans,116,118,0,-2,Away
22500913,2026-03-06,2025-26,2026-03,SA,Spurs,116,112,1,4,Home
22500913,2026-03-06,2025-26,2026-03,LAC,Clippers,112,116,0,-4,Away
22500914,2026-03-06,2025-26,2026-03,LAL,Lakers,128,117,1,11,Home
22500914,2026-03-06,2025-26,2026-03,IND,Pacers,117,128,0,-11,Away
22500915,2026-03-07,2025-26,2026-03,MIN,Timberwolves,92,119,0,-27,Home
22500915,2026-03-07,2025-26,2026-03,ORL,Magic,119,92,1,27,Away
22500916,2026-03-07,2025-26,2026-03,DET,Pistons,105,107,0,-2,Home
22500916,2026-03-07,2025-26,2026-03,BKN,Nets,107,105,1,2,Away
22500917,2026-03-07,2025-26,2026-03,ATL,Hawks,125,116,1,9,Home
22500917,2026-03-07,2025-26,2026-03,PHI,76ers,116,125,0,-9,Away
22500918,2026-03-07,2025-26,2026-03,MEM,Grizzlies,120,123,0,-3,Home
22500918,2026-03-07,2025-26,2026-03,LAC,Clippers,123,120,1,3,Away
22500919,2026-03-07,2025-26,2026-03,MIL,Bucks,113,99,1,14,Home
22500919,2026-03-07,2025-26,2026-03,UTAH,Jazz,99,113,0,-14,Away
22500920,2026-03-07,2025-26,2026-03,OKC,Thunder,104,97,1,7,Home
22500920,2026-03-07,2025-26,2026-03,GS,Warriors,97,104,0,-7,Away
22500921,2026-03-08,2025-26,2026-03,CLE,Cavaliers,98,109,0,-11,Home
22500921,2026-03-08,2025-26,2026-03,BOS,Celtics,109,98,1,11,Away
22500922,2026-03-08,2025-26,2026-03,LAL,Lakers,110,97,1,13,Home
22500922,2026-03-08,2025-26,2026-03,NY,Knicks,97,110,0,-13,Away
22500923,2026-03-08,2025-26,2026-03,MIA,Heat,121,110,1,11,Home
22500923,2026-03-08,2025-26,2026-03,DET,Pistons,110,121,0,-11,Away
22500924,2026-03-08,2025-26,2026-03,TOR,Raptors,122,92,1,30,Home
22500924,2026-03-08,2025-26,2026-03,DAL,Mavericks,92,122,0,-30,Away
22500925,2026-03-08,2025-26,2026-03,NO,Pelicans,138,118,1,20,Home
22500925,2026-03-08,2025-26,2026-03,WSH,Wizards,118,138,0,-20,Away
22500926,2026-03-08,2025-26,2026-03,MIL,Bucks,91,130,0,-39,Home
22500926,2026-03-08,2025-26,2026-03,ORL,Magic,130,91,1,39,Away
22500927,2026-03-08,2025-26,2026-03,SA,Spurs,145,120,1,25,Home
22500927,2026-03-08,2025-26,2026-03,HOU,Rockets,120,145,0,-25,Away
22500928,2026-03-08,2025-26,2026-03,PHX,Suns,111,99,1,12,Home
22500928,2026-03-08,2025-26,2026-03,CHA,Hornets,99,111,0,-12,Away
22500929,2026-03-08,2025-26,2026-03,POR,Trail Blazers,131,111,1,20,Home
22500929,2026-03-08,2025-26,2026-03,IND,Pacers,111,131,0,-20,Away
22500930,2026-03-08,2025-26,2026-03,SAC,Kings,126,110,1,16,Home
22500930,2026-03-08,2025-26,2026-03,CHI,Bulls,110,126,0,-16,Away
22500931,2026-03-09,2025-26,2026-03,CLE,Cavaliers,115,101,1,14,Home
22500931,2026-03-09,2025-26,2026-03,PHI,76ers,101,115,0,-14,Away
22500932,2026-03-09,2025-26,2026-03,BKN,Nets,126,115,1,11,Home
22500932,2026-03-09,2025-26,2026-03,MEM,Grizzlies,115,126,0,-11,Away
22500933,2026-03-09,2025-26,2026-03,OKC,Thunder,129,126,1,3,Home
22500933,2026-03-09,2025-26,2026-03,DEN,Nuggets,126,129,0,-3,Away
22500934,2026-03-09,2025-26,2026-03,UTAH,Jazz,119,116,1,3,Home
22500934,2026-03-09,2025-26,2026-03,GS,Warriors,116,119,0,-3,Away
22500935,2026-03-09,2025-26,2026-03,LAC,Clippers,126,118,1,8,Home
22500935,2026-03-09,2025-26,2026-03,NY,Knicks,118,126,0,-8,Away
22500936,2026-03-10,2025-26,2026-03,PHI,76ers,139,129,1,10,Home
22500936,2026-03-10,2025-26,2026-03,MEM,Grizzlies,129,139,0,-10,Away
22500937,2026-03-10,2025-26,2026-03,BKN,Nets,100,138,0,-38,Home
22500937,2026-03-10,2025-26,2026-03,DET,Pistons,138,100,1,38,Away
22500938,2026-03-10,2025-26,2026-03,MIA,Heat,150,129,1,21,Home
22500938,2026-03-10,2025-26,2026-03,WSH,Wizards,129,150,0,-21,Away
22500939,2026-03-10,2025-26,2026-03,ATL,Hawks,124,112,1,12,Home
22500939,2026-03-10,2025-26,2026-03,DAL,Mavericks,112,124,0,-12,Away
22500940,2026-03-10,2025-26,2026-03,HOU,Rockets,113,99,1,14,Home
22500940,2026-03-10,2025-26,2026-03,TOR,Raptors,99,113,0,-14,Away
22500941,2026-03-10,2025-26,2026-03,MIL,Bucks,114,129,0,-15,Home
22500941,2026-03-10,2025-26,2026-03,PHX,Suns,129,114,1,15,Away
22500942,2026-03-10,2025-26,2026-03,SA,Spurs,125,116,1,9,Home
22500942,2026-03-10,2025-26,2026-03,BOS,Celtics,116,125,0,-9,Away
22500943,2026-03-10,2025-26,2026-03,GS,Warriors,124,130,0,-6,Home
22500943,2026-03-10,2025-26,2026-03,CHI,Bulls,130,124,1,6,Away
22500944,2026-03-10,2025-26,2026-03,POR,Trail Blazers,101,103,0,-2,Home
22500944,2026-03-10,2025-26,2026-03,CHA,Hornets,103,101,1,2,Away
22500945,2026-03-10,2025-26,2026-03,SAC,Kings,114,109,1,5,Home
22500945,2026-03-10,2025-26,2026-03,IND,Pacers,109,114,0,-5,Away
22500946,2026-03-10,2025-26,2026-03,LAL,Lakers,120,106,1,14,Home
22500946,2026-03-10,2025-26,2026-03,MIN,Timberwolves,106,120,0,-14,Away
22500947,2026-03-11,2025-26,2026-03,ORL,Magic,128,122,1,6,Home
22500947,2026-03-11,2025-26,2026-03,CLE,Cavaliers,122,128,0,-6,Away
22500948,2026-03-11,2025-26,2026-03,NO,Pelicans,122,111,1,11,Home
22500948,2026-03-11,2025-26,2026-03,TOR,Raptors,111,122,0,-11,Away
22500949,2026-03-11,2025-26,2026-03,UTAH,Jazz,117,134,0,-17,Home
22500949,2026-03-11,2025-26,2026-03,NY,Knicks,134,117,1,17,Away
22500950,2026-03-11,2025-26,2026-03,DEN,Nuggets,129,93,1,36,Home
22500950,2026-03-11,2025-26,2026-03,HOU,Rockets,93,129,0,-36,Away
22500951,2026-03-11,2025-26,2026-03,SAC,Kings,109,117,0,-8,Home
22500951,2026-03-11,2025-26,2026-03,CHA,Hornets,117,109,1,8,Away
22500952,2026-03-11,2025-26,2026-03,LAC,Clippers,153,128,1,25,Home
22500952,2026-03-11,2025-26,2026-03,MIN,Timberwolves,128,153,0,-25,Away
22500953,2026-03-12,2025-26,2026-03,DET,Pistons,131,109,1,22,Home
22500953,2026-03-12,2025-26,2026-03,PHI,76ers,109,131,0,-22,Away
22500954,2026-03-12,2025-26,2026-03,IND,Pacers,108,123,0,-15,Home
22500954,2026-03-12,2025-26,2026-03,PHX,Suns,123,108,1,15,Away
22500955,2026-03-12,2025-26,2026-03,ORL,Magic,136,131,1,5,Home
22500955,2026-03-12,2025-26,2026-03,WSH,Wizards,131,136,0,-5,Away
22500956,2026-03-12,2025-26,2026-03,ATL,Hawks,108,97,1,11,Home
22500956,2026-03-12,2025-26,2026-03,BKN,Nets,97,108,0,-11,Away
22500957,2026-03-12,2025-26,2026-03,MIA,Heat,112,105,1,7,Home
22500957,2026-03-12,2025-26,2026-03,MIL,Bucks,105,112,0,-7,Away
22500958,2026-03-12,2025-26,2026-03,SA,Spurs,131,136,0,-5,Home
22500958,2026-03-12,2025-26,2026-03,DEN,Nuggets,136,131,1,5,Away
22500959,2026-03-12,2025-26,2026-03,OKC,Thunder,104,102,1,2,Home
22500959,2026-03-12,2025-26,2026-03,BOS,Celtics,102,104,0,-2,Away
22500960,2026-03-12,2025-26,2026-03,LAL,Lakers,142,130,1,12,Home
22500960,2026-03-12,2025-26,2026-03,CHI,Bulls,130,142,0,-12,Away
22501111,2026-03-12,2025-26,2026-03,MEM,Grizzlies,112,120,0,-8,Home
22501111,2026-03-12,2025-26,2026-03,DAL,Mavericks,120,112,1,8,Away
22500961,2026-03-13,2025-26,2026-03,DET,Pistons,126,110,1,16,Home
22500961,2026-03-13,2025-26,2026-03,MEM,Grizzlies,110,126,0,-16,Away
22500962,2026-03-13,2025-26,2026-03,IND,Pacers,92,101,0,-9,Home
22500962,2026-03-13,2025-26,2026-03,NY,Knicks,101,92,1,9,Away
22500963,2026-03-13,2025-26,2026-03,TOR,Raptors,122,115,1,7,Home
22500963,2026-03-13,2025-26,2026-03,PHX,Suns,115,122,0,-7,Away
22500964,2026-03-13,2025-26,2026-03,HOU,Rockets,107,105,1,2,Home
22500964,2026-03-13,2025-26,2026-03,NO,Pelicans,105,107,0,-2,Away
22500965,2026-03-13,2025-26,2026-03,DAL,Mavericks,105,138,0,-33,Home
22500965,2026-03-13,2025-26,2026-03,CLE,Cavaliers,138,105,1,33,Away
22500966,2026-03-13,2025-26,2026-03,GS,Warriors,117,127,0,-10,Home
22500966,2026-03-13,2025-26,2026-03,MIN,Timberwolves,127,117,1,10,Away
22500967,2026-03-13,2025-26,2026-03,POR,Trail Blazers,124,114,1,10,Home
22500967,2026-03-13,2025-26,2026-03,UTAH,Jazz,114,124,0,-10,Away
22500968,2026-03-13,2025-26,2026-03,LAC,Clippers,119,108,1,11,Home
22500968,2026-03-13,2025-26,2026-03,CHI,Bulls,108,119,0,-11,Away
22500969,2026-03-14,2025-26,2026-03,PHI,76ers,104,97,1,7,Home
22500969,2026-03-14,2025-26,2026-03,BKN,Nets,97,104,0,-7,Away
22500970,2026-03-14,2025-26,2026-03,ATL,Hawks,122,99,1,23,Home
22500970,2026-03-14,2025-26,2026-03,MIL,Bucks,99,122,0,-23,Away
22500971,2026-03-14,2025-26,2026-03,BOS,Celtics,111,100,1,11,Home
22500971,2026-03-14,2025-26,2026-03,WSH,Wizards,100,111,0,-11,Away
22500972,2026-03-14,2025-26,2026-03,MIA,Heat,117,121,0,-4,Home
22500972,2026-03-14,2025-26,2026-03,ORL,Magic,121,117,1,4,Away
22500973,2026-03-14,2025-26,2026-03,SA,Spurs,115,102,1,13,Home
22500973,2026-03-14,2025-26,2026-03,CHA,Hornets,102,115,0,-13,Away
22500974,2026-03-14,2025-26,2026-03,LAL,Lakers,127,125,1,2,Home
22500974,2026-03-14,2025-26,2026-03,DEN,Nuggets,125,127,0,-2,Away
22500975,2026-03-14,2025-26,2026-03,LAC,Clippers,109,118,0,-9,Home
22500975,2026-03-14,2025-26,2026-03,SAC,Kings,118,109,1,9,Away
22500976,2026-03-15,2025-26,2026-03,OKC,Thunder,116,103,1,13,Home
22500976,2026-03-15,2025-26,2026-03,MIN,Timberwolves,103,116,0,-13,Away
22500977,2026-03-15,2025-26,2026-03,CLE,Cavaliers,120,130,0,-10,Home
22500977,2026-03-15,2025-26,2026-03,DAL,Mavericks,130,120,1,10,Away
22500978,2026-03-15,2025-26,2026-03,TOR,Raptors,119,108,1,11,Home
22500978,2026-03-15,2025-26,2026-03,DET,Pistons,108,119,0,-11,Away
22500979,2026-03-15,2025-26,2026-03,MIL,Bucks,134,123,1,11,Home
22500979,2026-03-15,2025-26,2026-03,IND,Pacers,123,134,0,-11,Away
22500980,2026-03-15,2025-26,2026-03,PHI,76ers,109,103,1,6,Home
22500980,2026-03-15,2025-26,2026-03,POR,Trail Blazers,103,109,0,-6,Away
22500981,2026-03-15,2025-26,2026-03,NY,Knicks,110,107,1,3,Home
22500981,2026-03-15,2025-26,2026-03,GS,Warriors,107,110,0,-3,Away
22500982,2026-03-15,2025-26,2026-03,SAC,Kings,116,111,1,5,Home
22500982,2026-03-15,2025-26,2026-03,UTAH,Jazz,111,116,0,-5,Away
22500983,2026-03-16,2025-26,2026-03,ATL,Hawks,124,112,1,12,Home
22500983,2026-03-16,2025-26,2026-03,ORL,Magic,112,124,0,-12,Away
22500984,2026-03-16,2025-26,2026-03,WSH,Wizards,117,125,0,-8,Home
22500984,2026-03-16,2025-26,2026-03,GS,Warriors,125,117,1,8,Away
22500985,2026-03-16,2025-26,2026-03,BKN,Nets,95,114,0,-19,Home
22500985,2026-03-16,2025-26,2026-03,POR,Trail Blazers,114,95,1,19,Away
22500986,2026-03-16,2025-26,2026-03,BOS,Celtics,120,112,1,8,Home
22500986,2026-03-16,2025-26,2026-03,PHX,Suns,112,120,0,-8,Away
22500987,2026-03-16,2025-26,2026-03,CHI,Bulls,132,107,1,25,Home
22500987,2026-03-16,2025-26,2026-03,MEM,Grizzlies,107,132,0,-25,Away
22500988,2026-03-16,2025-26,2026-03,NO,Pelicans,129,111,1,18,Home
22500988,2026-03-16,2025-26,2026-03,DAL,Mavericks,111,129,0,-18,Away
22500989,2026-03-16,2025-26,2026-03,HOU,Rockets,92,100,0,-8,Home
22500989,2026-03-16,2025-26,2026-03,LAL,Lakers,100,92,1,8,Away
22500990,2026-03-16,2025-26,2026-03,LAC,Clippers,115,119,0,-4,Home
22500990,2026-03-16,2025-26,2026-03,SA,Spurs,119,115,1,4,Away
22500991,2026-03-17,2025-26,2026-03,CHA,Hornets,136,106,1,30,Home
22500991,2026-03-17,2025-26,2026-03,MIA,Heat,106,136,0,-30,Away
22500992,2026-03-17,2025-26,2026-03,ORL,Magic,108,113,0,-5,Home
22500992,2026-03-17,2025-26,2026-03,OKC,Thunder,113,108,1,5,Away
22500993,2026-03-17,2025-26,2026-03,WSH,Wizards,117,130,0,-13,Home
22500993,2026-03-17,2025-26,2026-03,DET,Pistons,130,117,1,13,Away
22500994,2026-03-17,2025-26,2026-03,NY,Knicks,136,110,1,26,Home
22500994,2026-03-17,2025-26,2026-03,IND,Pacers,110,136,0,-26,Away
22500995,2026-03-17,2025-26,2026-03,MIL,Bucks,116,123,0,-7,Home
22500995,2026-03-17,2025-26,2026-03,CLE,Cavaliers,123,116,1,7,Away
22500996,2026-03-17,2025-26,2026-03,MIN,Timberwolves,116,104,1,12,Home
22500996,2026-03-17,2025-26,2026-03,PHX,Suns,104,116,0,-12,Away
22500997,2026-03-17,2025-26,2026-03,DEN,Nuggets,124,96,1,28,Home
22500997,2026-03-17,2025-26,2026-03,PHI,76ers,96,124,0,-28,Away
22500998,2026-03-17,2025-26,2026-03,SAC,Kings,104,132,0,-28,Home
22500998,2026-03-17,2025-26,2026-03,SA,Spurs,132,104,1,28,Away
22500651,2026-03-18,2025-26,2026-03,MEM,Grizzlies,125,118,1,7,Home
22500651,2026-03-18,2025-26,2026-03,DEN,Nuggets,118,125,0,-7,Away
22500999,2026-03-18,2025-26,2026-03,BOS,Celtics,120,99,1,21,Home
22500999,2026-03-18,2025-26,2026-03,GS,Warriors,99,120,0,-21,Away
22501000,2026-03-18,2025-26,2026-03,BKN,Nets,92,121,0,-29,Home
22501000,2026-03-18,2025-26,2026-03,OKC,Thunder,121,92,1,29,Away
22501001,2026-03-18,2025-26,2026-03,IND,Pacers,119,127,0,-8,Home
22501001,2026-03-18,2025-26,2026-03,POR,Trail Blazers,127,119,1,8,Away
22501002,2026-03-18,2025-26,2026-03,CHI,Bulls,109,139,0,-30,Home
22501002,2026-03-18,2025-26,2026-03,TOR,Raptors,139,109,1,30,Away
22501004,2026-03-18,2025-26,2026-03,MIN,Timberwolves,147,111,1,36,Home
22501004,2026-03-18,2025-26,2026-03,UTAH,Jazz,111,147,0,-36,Away
22501005,2026-03-18,2025-26,2026-03,NO,Pelicans,124,109,1,15,Home
22501005,2026-03-18,2025-26,2026-03,LAC,Clippers,109,124,0,-15,Away
22501006,2026-03-18,2025-26,2026-03,DAL,Mavericks,120,135,0,-15,Home
22501006,2026-03-18,2025-26,2026-03,ATL,Hawks,135,120,1,15,Away
22501007,2026-03-18,2025-26,2026-03,HOU,Rockets,116,124,0,-8,Home
22501007,2026-03-18,2025-26,2026-03,LAL,Lakers,124,116,1,8,Away
22501008,2026-03-19,2025-26,2026-03,CHA,Hornets,130,111,1,19,Home
22501008,2026-03-19,2025-26,2026-03,ORL,Magic,111,130,0,-19,Away
22501009,2026-03-19,2025-26,2026-03,WSH,Wizards,95,117,0,-22,Home
22501009,2026-03-19,2025-26,2026-03,DET,Pistons,117,95,1,22,Away
22501010,2026-03-19,2025-26,2026-03,MIA,Heat,126,134,0,-8,Home
22501010,2026-03-19,2025-26,2026-03,LAL,Lakers,134,126,1,8,Away
22501011,2026-03-19,2025-26,2026-03,CHI,Bulls,110,115,0,-5,Home
22501011,2026-03-19,2025-26,2026-03,CLE,Cavaliers,115,110,1,5,Away
22501012,2026-03-19,2025-26,2026-03,NO,Pelicans,105,99,1,6,Home
22501012,2026-03-19,2025-26,2026-03,LAC,Clippers,99,105,0,-6,Away
22501013,2026-03-19,2025-26,2026-03,SA,Spurs,101,100,1,1,Home
22501013,2026-03-19,2025-26,2026-03,PHX,Suns,100,101,0,-1,Away
22501014,2026-03-19,2025-26,2026-03,UTAH,Jazz,128,96,1,32,Home
22501014,2026-03-19,2025-26,2026-03,MIL,Bucks,96,128,0,-32,Away
22501015,2026-03-19,2025-26,2026-03,SAC,Kings,118,139,0,-21,Home
22501015,2026-03-19,2025-26,2026-03,PHI,76ers,139,118,1,21,Away
22501016,2026-03-20,2025-26,2026-03,BKN,Nets,92,93,0,-1,Home
22501016,2026-03-20,2025-26,2026-03,NY,Knicks,93,92,1,1,Away
22501017,2026-03-20,2025-26,2026-03,DET,Pistons,115,101,1,14,Home
22501017,2026-03-20,2025-26,2026-03,GS,Warriors,101,115,0,-14,Away
22501018,2026-03-20,2025-26,2026-03,HOU,Rockets,117,95,1,22,Home
22501018,2026-03-20,2025-26,2026-03,ATL,Hawks,95,117,0,-22,Away
22501019,2026-03-20,2025-26,2026-03,MEM,Grizzlies,112,117,0,-5,Home
22501019,2026-03-20,2025-26,2026-03,BOS,Celtics,117,112,1,5,Away
22501020,2026-03-20,2025-26,2026-03,MIN,Timberwolves,104,108,0,-4,Home
22501020,2026-03-20,2025-26,2026-03,POR,Trail Blazers,108,104,1,4,Away
22501021,2026-03-20,2025-26,2026-03,DEN,Nuggets,121,115,1,6,Home
22501021,2026-03-20,2025-26,2026-03,TOR,Raptors,115,121,0,-6,Away
22501022,2026-03-21,2025-26,2026-03,WSH,Wizards,111,132,0,-21,Home
22501022,2026-03-21,2025-26,2026-03,OKC,Thunder,132,111,1,21,Away
22501023,2026-03-21,2025-26,2026-03,CHA,Hornets,124,101,1,23,Home
22501023,2026-03-21,2025-26,2026-03,MEM,Grizzlies,101,124,0,-23,Away
22501024,2026-03-21,2025-26,2026-03,ORL,Magic,104,105,0,-1,Home
22501024,2026-03-21,2025-26,2026-03,LAL,Lakers,105,104,1,1,Away
22501025,2026-03-21,2025-26,2026-03,NO,Pelicans,106,111,0,-5,Home
22501025,2026-03-21,2025-26,2026-03,CLE,Cavaliers,111,106,1,5,Away
22501026,2026-03-21,2025-26,2026-03,ATL,Hawks,126,110,1,16,Home
22501026,2026-03-21,2025-26,2026-03,GS,Warriors,110,126,0,-16,Away
22501027,2026-03-21,2025-26,2026-03,HOU,Rockets,123,122,1,1,Home
22501027,2026-03-21,2025-26,2026-03,MIA,Heat,122,123,0,-1,Away
22501028,2026-03-21,2025-26,2026-03,SA,Spurs,134,119,1,15,Home
22501028,2026-03-21,2025-26,2026-03,IND,Pacers,119,134,0,-15,Away
22501029,2026-03-21,2025-26,2026-03,DAL,Mavericks,131,138,0,-7,Home
22501029,2026-03-21,2025-26,2026-03,LAC,Clippers,138,131,1,7,Away
22501030,2026-03-21,2025-26,2026-03,UTAH,Jazz,116,126,0,-10,Home
22501030,2026-03-21,2025-26,2026-03,PHI,76ers,126,116,1,10,Away
22501031,2026-03-21,2025-26,2026-03,PHX,Suns,105,108,0,-3,Home
22501031,2026-03-21,2025-26,2026-03,MIL,Bucks,108,105,1,3,Away
22501032,2026-03-22,2025-26,2026-03,DEN,Nuggets,128,112,1,16,Home
22501032,2026-03-22,2025-26,2026-03,POR,Trail Blazers,112,128,0,-16,Away
22501033,2026-03-22,2025-26,2026-03,SAC,Kings,126,122,1,4,Home
22501033,2026-03-22,2025-26,2026-03,BKN,Nets,122,126,0,-4,Away
22501034,2026-03-22,2025-26,2026-03,NY,Knicks,145,113,1,32,Home
22501034,2026-03-22,2025-26,2026-03,WSH,Wizards,113,145,0,-32,Away
22501035,2026-03-22,2025-26,2026-03,BOS,Celtics,92,102,0,-10,Home
22501035,2026-03-22,2025-26,2026-03,MIN,Timberwolves,102,92,1,10,Away
22501036,2026-03-22,2025-26,2026-03,PHX,Suns,120,98,1,22,Home
22501036,2026-03-22,2025-26,2026-03,TOR,Raptors,98,120,0,-22,Away
22501037,2026-03-23,2025-26,2026-03,ATL,Hawks,146,107,1,39,Home
22501037,2026-03-23,2025-26,2026-03,MEM,Grizzlies,107,146,0,-39,Away
22501038,2026-03-23,2025-26,2026-03,DET,Pistons,113,110,1,3,Home
22501038,2026-03-23,2025-26,2026-03,LAL,Lakers,110,113,0,-3,Away
22501039,2026-03-23,2025-26,2026-03,ORL,Magic,126,128,0,-2,Home
22501039,2026-03-23,2025-26,2026-03,IND,Pacers,128,126,1,2,Away
22501040,2026-03-23,2025-26,2026-03,PHI,76ers,103,123,0,-20,Home
22501040,2026-03-23,2025-26,2026-03,OKC,Thunder,123,103,1,20,Away
22501041,2026-03-23,2025-26,2026-03,MIA,Heat,111,136,0,-25,Home
22501041,2026-03-23,2025-26,2026-03,SA,Spurs,136,111,1,25,Away
22501042,2026-03-23,2025-26,2026-03,CHI,Bulls,132,124,1,8,Home
22501042,2026-03-23,2025-26,2026-03,HOU,Rockets,124,132,0,-8,Away
22501043,2026-03-23,2025-26,2026-03,UTAH,Jazz,127,143,0,-16,Home
22501043,2026-03-23,2025-26,2026-03,TOR,Raptors,143,127,1,16,Away
22501044,2026-03-23,2025-26,2026-03,DAL,Mavericks,131,137,0,-6,Home
22501044,2026-03-23,2025-26,2026-03,GS,Warriors,137,131,1,6,Away
22501045,2026-03-23,2025-26,2026-03,POR,Trail Blazers,134,99,1,35,Home
22501045,2026-03-23,2025-26,2026-03,BKN,Nets,99,134,0,-35,Away
22501046,2026-03-23,2025-26,2026-03,LAC,Clippers,129,96,1,33,Home
22501046,2026-03-23,2025-26,2026-03,MIL,Bucks,96,129,0,-33,Away
22501047,2026-03-24,2025-26,2026-03,CHA,Hornets,134,90,1,44,Home
22501047,2026-03-24,2025-26,2026-03,SAC,Kings,90,134,0,-44,Away
22501048,2026-03-24,2025-26,2026-03,NY,Knicks,121,116,1,5,Home
22501048,2026-03-24,2025-26,2026-03,NO,Pelicans,116,121,0,-5,Away
22501049,2026-03-24,2025-26,2026-03,CLE,Cavaliers,136,131,1,5,Home
22501049,2026-03-24,2025-26,2026-03,ORL,Magic,131,136,0,-5,Away
22501050,2026-03-24,2025-26,2026-03,PHX,Suns,123,125,0,-2,Home
22501050,2026-03-24,2025-26,2026-03,DEN,Nuggets,125,123,1,2,Away
22501051,2026-03-25,2025-26,2026-03,DET,Pistons,129,130,0,-1,Home
22501051,2026-03-25,2025-26,2026-03,ATL,Hawks,130,129,1,1,Away
22501052,2026-03-25,2025-26,2026-03,IND,Pacers,130,137,0,-7,Home
22501052,2026-03-25,2025-26,2026-03,LAL,Lakers,137,130,1,7,Away
22501053,2026-03-25,2025-26,2026-03,PHI,76ers,157,137,1,20,Home
22501053,2026-03-25,2025-26,2026-03,CHI,Bulls,137,157,0,-20,Away
22501054,2026-03-25,2025-26,2026-03,BOS,Celtics,119,109,1,10,Home
22501054,2026-03-25,2025-26,2026-03,OKC,Thunder,109,119,0,-10,Away
22501055,2026-03-25,2025-26,2026-03,CLE,Cavaliers,103,120,0,-17,Home
22501055,2026-03-25,2025-26,2026-03,MIA,Heat,120,103,1,17,Away
22501056,2026-03-25,2025-26,2026-03,MEM,Grizzlies,98,123,0,-25,Home
22501056,2026-03-25,2025-26,2026-03,SA,Spurs,123,98,1,25,Away
22501057,2026-03-25,2025-26,2026-03,UTAH,Jazz,110,133,0,-23,Home
22501057,2026-03-25,2025-26,2026-03,WSH,Wizards,133,110,1,23,Away
22501058,2026-03-25,2025-26,2026-03,MIN,Timberwolves,110,108,1,2,Home
22501058,2026-03-25,2025-26,2026-03,HOU,Rockets,108,110,0,-2,Away
22501059,2026-03-25,2025-26,2026-03,DEN,Nuggets,142,135,1,7,Home
22501059,2026-03-25,2025-26,2026-03,DAL,Mavericks,135,142,0,-7,Away
22501060,2026-03-25,2025-26,2026-03,GS,Warriors,109,106,1,3,Home
22501060,2026-03-25,2025-26,2026-03,BKN,Nets,106,109,0,-3,Away
22501061,2026-03-25,2025-26,2026-03,POR,Trail Blazers,130,99,1,31,Home
22501061,2026-03-25,2025-26,2026-03,MIL,Bucks,99,130,0,-31,Away
22501062,2026-03-25,2025-26,2026-03,LAC,Clippers,119,94,1,25,Home
22501062,2026-03-25,2025-26,2026-03,TOR,Raptors,94,119,0,-25,Away
22501063,2026-03-26,2025-26,2026-03,CHA,Hornets,114,103,1,11,Home
22501063,2026-03-26,2025-26,2026-03,NY,Knicks,103,114,0,-11,Away
22501064,2026-03-26,2025-26,2026-03,DET,Pistons,129,108,1,21,Home
22501064,2026-03-26,2025-26,2026-03,NO,Pelicans,108,129,0,-21,Away
22501065,2026-03-26,2025-26,2026-03,ORL,Magic,121,117,1,4,Home
22501065,2026-03-26,2025-26,2026-03,SAC,Kings,117,121,0,-4,Away
22501066,2026-03-27,2025-26,2026-03,IND,Pacers,113,114,0,-1,Home
22501066,2026-03-27,2025-26,2026-03,LAC,Clippers,114,113,1,1,Away
22501067,2026-03-27,2025-26,2026-03,BOS,Celtics,109,102,1,7,Home
22501067,2026-03-27,2025-26,2026-03,ATL,Hawks,102,109,0,-7,Away
22501068,2026-03-27,2025-26,2026-03,CLE,Cavaliers,149,128,1,21,Home
22501068,2026-03-27,2025-26,2026-03,MIA,Heat,128,149,0,-21,Away
22501069,2026-03-27,2025-26,2026-03,MEM,Grizzlies,109,119,0,-10,Home
22501069,2026-03-27,2025-26,2026-03,HOU,Rockets,119,109,1,10,Away
22501070,2026-03-27,2025-26,2026-03,OKC,Thunder,131,113,1,18,Home
22501070,2026-03-27,2025-26,2026-03,CHI,Bulls,113,131,0,-18,Away
22501071,2026-03-27,2025-26,2026-03,TOR,Raptors,119,106,1,13,Home
22501071,2026-03-27,2025-26,2026-03,NO,Pelicans,106,119,0,-13,Away
22501072,2026-03-27,2025-26,2026-03,DEN,Nuggets,135,129,1,6,Home
22501072,2026-03-27,2025-26,2026-03,UTAH,Jazz,129,135,0,-6,Away
22501073,2026-03-27,2025-26,2026-03,GS,Warriors,131,126,1,5,Home
22501073,2026-03-27,2025-26,2026-03,WSH,Wizards,126,131,0,-5,Away
22501074,2026-03-27,2025-26,2026-03,POR,Trail Blazers,93,100,0,-7,Home
22501074,2026-03-27,2025-26,2026-03,DAL,Mavericks,100,93,1,7,Away
22501075,2026-03-27,2025-26,2026-03,LAL,Lakers,116,99,1,17,Home
22501075,2026-03-27,2025-26,2026-03,BKN,Nets,99,116,0,-17,Away
22501076,2026-03-28,2025-26,2026-03,MIL,Bucks,95,127,0,-32,Home
22501076,2026-03-28,2025-26,2026-03,SA,Spurs,127,95,1,32,Away
22501077,2026-03-28,2025-26,2026-03,CHA,Hornets,114,118,0,-4,Home
22501077,2026-03-28,2025-26,2026-03,PHI,76ers,118,114,1,4,Away
22501078,2026-03-28,2025-26,2026-03,ATL,Hawks,123,113,1,10,Home
22501078,2026-03-28,2025-26,2026-03,SAC,Kings,113,123,0,-10,Away
22501079,2026-03-28,2025-26,2026-03,MEM,Grizzlies,125,124,1,1,Home
22501079,2026-03-28,2025-26,2026-03,CHI,Bulls,124,125,0,-1,Away
22501080,2026-03-28,2025-26,2026-03,MIN,Timberwolves,87,109,0,-22,Home
22501080,2026-03-28,2025-26,2026-03,DET,Pistons,109,87,1,22,Away
22501081,2026-03-28,2025-26,2026-03,PHX,Suns,134,109,1,25,Home
22501081,2026-03-28,2025-26,2026-03,UTAH,Jazz,109,134,0,-25,Away
22501082,2026-03-29,2025-26,2026-03,MIL,Bucks,113,127,0,-14,Home
22501082,2026-03-29,2025-26,2026-03,LAC,Clippers,127,113,1,14,Away
22501083,2026-03-29,2025-26,2026-03,IND,Pacers,135,118,1,17,Home
22501083,2026-03-29,2025-26,2026-03,MIA,Heat,118,135,0,-17,Away
22501084,2026-03-29,2025-26,2026-03,BKN,Nets,116,99,1,17,Home
22501084,2026-03-29,2025-26,2026-03,SAC,Kings,99,116,0,-17,Away
22501085,2026-03-29,2025-26,2026-03,CHA,Hornets,99,114,0,-15,Home
22501085,2026-03-29,2025-26,2026-03,BOS,Celtics,114,99,1,15,Away
22501086,2026-03-29,2025-26,2026-03,TOR,Raptors,139,87,1,52,Home
22501086,2026-03-29,2025-26,2026-03,ORL,Magic,87,139,0,-52,Away
22501087,2026-03-29,2025-26,2026-03,POR,Trail Blazers,123,88,1,35,Home
22501087,2026-03-29,2025-26,2026-03,WSH,Wizards,88,123,0,-35,Away
22501088,2026-03-29,2025-26,2026-03,NO,Pelicans,102,134,0,-32,Home
22501088,2026-03-29,2025-26,2026-03,HOU,Rockets,134,102,1,32,Away
22501089,2026-03-29,2025-26,2026-03,OKC,Thunder,111,100,1,11,Home
22501089,2026-03-29,2025-26,2026-03,NY,Knicks,100,111,0,-11,Away
22501090,2026-03-29,2025-26,2026-03,DEN,Nuggets,116,93,1,23,Home
22501090,2026-03-29,2025-26,2026-03,GS,Warriors,93,116,0,-23,Away
22501091,2026-03-30,2025-26,2026-03,MIA,Heat,119,109,1,10,Home
22501091,2026-03-30,2025-26,2026-03,PHI,76ers,109,119,0,-10,Away
22501092,2026-03-30,2025-26,2026-03,ATL,Hawks,112,102,1,10,Home
22501092,2026-03-30,2025-26,2026-03,BOS,Celtics,102,112,0,-10,Away
22501093,2026-03-30,2025-26,2026-03,MEM,Grizzlies,105,131,0,-26,Home
22501093,2026-03-30,2025-26,2026-03,PHX,Suns,131,105,1,26,Away
22501094,2026-03-30,2025-26,2026-03,SA,Spurs,129,114,1,15,Home
22501094,2026-03-30,2025-26,2026-03,CHI,Bulls,114,129,0,-15,Away
22501095,2026-03-30,2025-26,2026-03,DAL,Mavericks,94,124,0,-30,Home
22501095,2026-03-30,2025-26,2026-03,MIN,Timberwolves,124,94,1,30,Away
22501096,2026-03-30,2025-26,2026-03,UTAH,Jazz,113,122,0,-9,Home
22501096,2026-03-30,2025-26,2026-03,CLE,Cavaliers,122,113,1,9,Away
22501097,2026-03-30,2025-26,2026-03,OKC,Thunder,114,110,1,4,Home
22501097,2026-03-30,2025-26,2026-03,DET,Pistons,110,114,0,-4,Away
22501098,2026-03-30,2025-26,2026-03,LAL,Lakers,120,101,1,19,Home
22501098,2026-03-30,2025-26,2026-03,WSH,Wizards,101,120,0,-19,Away
22500652,2026-03-31,2025-26,2026-03,MIL,Bucks,123,99,1,24,Home
22500652,2026-03-31,2025-26,2026-03,DAL,Mavericks,99,123,0,-24,Away
22501099,2026-03-31,2025-26,2026-03,ORL,Magic,115,111,1,4,Home
22501099,2026-03-31,2025-26,2026-03,PHX,Suns,111,115,0,-4,Away
22501100,2026-03-31,2025-26,2026-03,BKN,Nets,86,117,0,-31,Home
22501100,2026-03-31,2025-26,2026-03,CHA,Hornets,117,86,1,31,Away
22501101,2026-03-31,2025-26,2026-03,DET,Pistons,127,116,1,11,Home
22501101,2026-03-31,2025-26,2026-03,TOR,Raptors,116,127,0,-11,Away
22501102,2026-03-31,2025-26,2026-03,HOU,Rockets,111,94,1,17,Home
22501102,2026-03-31,2025-26,2026-03,NY,Knicks,94,111,0,-17,Away
22501103,2026-03-31,2025-26,2026-03,LAL,Lakers,127,113,1,14,Home
22501103,2026-03-31,2025-26,2026-03,CLE,Cavaliers,113,127,0,-14,Away
22501104,2026-03-31,2025-26,2026-03,LAC,Clippers,104,114,0,-10,Home
22501104,2026-03-31,2025-26,2026-03,POR,Trail Blazers,114,104,1,10,Away
22501003,2026-04-01,2025-26,2026-04,MEM,Grizzlies,119,130,0,-11,Home
22501003,2026-04-01,2025-26,2026-04,NY,Knicks,130,119,1,11,Away
22501105,2026-04-01,2025-26,2026-04,WSH,Wizards,131,153,0,-22,Home
22501105,2026-04-01,2025-26,2026-04,PHI,76ers,153,131,1,22,Away
22501106,2026-04-01,2025-26,2026-04,MIA,Heat,129,147,0,-18,Home
22501106,2026-04-01,2025-26,2026-04,BOS,Celtics,147,129,1,18,Away
22501107,2026-04-01,2025-26,2026-04,ORL,Magic,101,130,0,-29,Home
22501107,2026-04-01,2025-26,2026-04,ATL,Hawks,130,101,1,29,Away
22501108,2026-04-01,2025-26,2026-04,TOR,Raptors,115,123,0,-8,Home
22501108,2026-04-01,2025-26,2026-04,SAC,Kings,123,115,1,8,Away
22501109,2026-04-01,2025-26,2026-04,CHI,Bulls,126,145,0,-19,Home
22501109,2026-04-01,2025-26,2026-04,IND,Pacers,145,126,1,19,Away
22501110,2026-04-01,2025-26,2026-04,HOU,Rockets,119,113,1,6,Home
22501110,2026-04-01,2025-26,2026-04,MIL,Bucks,113,119,0,-6,Away
22501112,2026-04-01,2025-26,2026-04,UTAH,Jazz,117,130,0,-13,Home
22501112,2026-04-01,2025-26,2026-04,DEN,Nuggets,130,117,1,13,Away
22501113,2026-04-01,2025-26,2026-04,GS,Warriors,113,127,0,-14,Home
22501113,2026-04-01,2025-26,2026-04,SA,Spurs,127,113,1,14,Away
22501114,2026-04-02,2025-26,2026-04,CHA,Hornets,127,107,1,20,Home
22501114,2026-04-02,2025-26,2026-04,PHX,Suns,107,127,0,-20,Away
22501115,2026-04-02,2025-26,2026-04,DET,Pistons,113,108,1,5,Home
22501115,2026-04-02,2025-26,2026-04,MIN,Timberwolves,108,113,0,-5,Away
22501116,2026-04-02,2025-26,2026-04,OKC,Thunder,139,96,1,43,Home
22501116,2026-04-02,2025-26,2026-04,LAL,Lakers,96,139,0,-43,Away
22501117,2026-04-02,2025-26,2026-04,GS,Warriors,111,118,0,-7,Home
22501117,2026-04-02,2025-26,2026-04,CLE,Cavaliers,118,111,1,7,Away
22501118,2026-04-02,2025-26,2026-04,POR,Trail Blazers,118,106,1,12,Home
22501118,2026-04-02,2025-26,2026-04,NO,Pelicans,106,118,0,-12,Away
22501119,2026-04-02,2025-26,2026-04,LAC,Clippers,99,118,0,-19,Home
22501119,2026-04-02,2025-26,2026-04,SA,Spurs,118,99,1,19,Away
22501120,2026-04-03,2025-26,2026-04,CHA,Hornets,129,108,1,21,Home
22501120,2026-04-03,2025-26,2026-04,IND,Pacers,108,129,0,-21,Away
22501121,2026-04-03,2025-26,2026-04,PHI,76ers,115,103,1,12,Home
22501121,2026-04-03,2025-26,2026-04,MIN,Timberwolves,103,115,0,-12,Away
22501122,2026-04-03,2025-26,2026-04,BKN,Nets,107,141,0,-34,Home
22501122,2026-04-03,2025-26,2026-04,ATL,Hawks,141,107,1,34,Away
22501123,2026-04-03,2025-26,2026-04,NY,Knicks,136,96,1,40,Home
22501123,2026-04-03,2025-26,2026-04,CHI,Bulls,96,136,0,-40,Away
22501124,2026-04-03,2025-26,2026-04,HOU,Rockets,140,106,1,34,Home
22501124,2026-04-03,2025-26,2026-04,UTAH,Jazz,106,140,0,-34,Away
22501125,2026-04-03,2025-26,2026-04,MEM,Grizzlies,96,128,0,-32,Home
22501125,2026-04-03,2025-26,2026-04,TOR,Raptors,128,96,1,32,Away
22501126,2026-04-03,2025-26,2026-04,MIL,Bucks,101,133,0,-32,Home
22501126,2026-04-03,2025-26,2026-04,BOS,Celtics,133,101,1,32,Away
22501127,2026-04-03,2025-26,2026-04,DAL,Mavericks,127,138,0,-11,Home
22501127,2026-04-03,2025-26,2026-04,ORL,Magic,138,127,1,11,Away
22501128,2026-04-03,2025-26,2026-04,SAC,Kings,117,113,1,4,Home
22501128,2026-04-03,2025-26,2026-04,NO,Pelicans,113,117,0,-4,Away
22501129,2026-04-04,2025-26,2026-04,MIA,Heat,152,136,1,16,Home
22501129,2026-04-04,2025-26,2026-04,WSH,Wizards,136,152,0,-16,Away
22501130,2026-04-04,2025-26,2026-04,DEN,Nuggets,136,134,1,2,Home
22501130,2026-04-04,2025-26,2026-04,SA,Spurs,134,136,0,-2,Away
22501131,2026-04-04,2025-26,2026-04,PHI,76ers,93,116,0,-23,Home
22501131,2026-04-04,2025-26,2026-04,DET,Pistons,116,93,1,23,Away
22501132,2026-04-05,2025-26,2026-04,BOS,Celtics,115,101,1,14,Home
22501132,2026-04-05,2025-26,2026-04,TOR,Raptors,101,115,0,-14,Away
22501133,2026-04-05,2025-26,2026-04,BKN,Nets,121,115,1,6,Home
22501133,2026-04-05,2025-26,2026-04,WSH,Wizards,115,121,0,-6,Away
22501134,2026-04-05,2025-26,2026-04,CHI,Bulls,110,120,0,-10,Home
22501134,2026-04-05,2025-26,2026-04,PHX,Suns,120,110,1,10,Away
22501135,2026-04-05,2025-26,2026-04,MIL,Bucks,131,115,1,16,Home
22501135,2026-04-05,2025-26,2026-04,MEM,Grizzlies,115,131,0,-16,Away
22501136,2026-04-05,2025-26,2026-04,CLE,Cavaliers,117,108,1,9,Home
22501136,2026-04-05,2025-26,2026-04,IND,Pacers,108,117,0,-9,Away
22501137,2026-04-05,2025-26,2026-04,MIN,Timberwolves,108,122,0,-14,Home
22501137,2026-04-05,2025-26,2026-04,CHA,Hornets,122,108,1,14,Away
22501138,2026-04-05,2025-26,2026-04,NO,Pelicans,108,112,0,-4,Home
22501138,2026-04-05,2025-26,2026-04,ORL,Magic,112,108,1,4,Away
22501139,2026-04-05,2025-26,2026-04,OKC,Thunder,146,111,1,35,Home
22501139,2026-04-05,2025-26,2026-04,UTAH,Jazz,111,146,0,-35,Away
22501140,2026-04-05,2025-26,2026-04,DAL,Mavericks,134,128,1,6,Home
22501140,2026-04-05,2025-26,2026-04,LAL,Lakers,128,134,0,-6,Away
22501141,2026-04-05,2025-26,2026-04,SAC,Kings,109,138,0,-29,Home
22501141,2026-04-05,2025-26,2026-04,LAC,Clippers,138,109,1,29,Away
22501142,2026-04-05,2025-26,2026-04,GS,Warriors,116,117,0,-1,Home
22501142,2026-04-05,2025-26,2026-04,HOU,Rockets,117,116,1,1,Away
22501143,2026-04-06,2025-26,2026-04,ATL,Hawks,105,108,0,-3,Home
22501143,2026-04-06,2025-26,2026-04,NY,Knicks,108,105,1,3,Away
22501144,2026-04-06,2025-26,2026-04,ORL,Magic,123,107,1,16,Home
22501144,2026-04-06,2025-26,2026-04,DET,Pistons,107,123,0,-16,Away
22501145,2026-04-06,2025-26,2026-04,MEM,Grizzlies,126,142,0,-16,Home
22501145,2026-04-06,2025-26,2026-04,CLE,Cavaliers,142,126,1,16,Away
22501146,2026-04-06,2025-26,2026-04,SA,Spurs,115,102,1,13,Home
22501146,2026-04-06,2025-26,2026-04,PHI,76ers,102,115,0,-13,Away
22501147,2026-04-06,2025-26,2026-04,DEN,Nuggets,137,132,1,5,Home
22501147,2026-04-06,2025-26,2026-04,POR,Trail Blazers,132,137,0,-5,Away
22501148,2026-04-07,2025-26,2026-04,WSH,Wizards,98,129,0,-31,Home
22501148,2026-04-07,2025-26,2026-04,CHI,Bulls,129,98,1,31,Away
22501149,2026-04-07,2025-26,2026-04,BOS,Celtics,113,102,1,11,Home
22501149,2026-04-07,2025-26,2026-04,CHA,Hornets,102,113,0,-11,Away
22501150,2026-04-07,2025-26,2026-04,BKN,Nets,96,90,1,6,Home
22501150,2026-04-07,2025-26,2026-04,MIL,Bucks,90,96,0,-6,Away
22501151,2026-04-07,2025-26,2026-04,TOR,Raptors,121,95,1,26,Home
22501151,2026-04-07,2025-26,2026-04,MIA,Heat,95,121,0,-26,Away
22501152,2026-04-07,2025-26,2026-04,IND,Pacers,104,124,0,-20,Home
22501152,2026-04-07,2025-26,2026-04,MIN,Timberwolves,124,104,1,20,Away
22501153,2026-04-07,2025-26,2026-04,NO,Pelicans,156,137,1,19,Home
22501153,2026-04-07,2025-26,2026-04,UTAH,Jazz,137,156,0,-19,Away
22501154,2026-04-07,2025-26,2026-04,GS,Warriors,110,105,1,5,Home
22501154,2026-04-07,2025-26,2026-04,SAC,Kings,105,110,0,-5,Away
22501155,2026-04-07,2025-26,2026-04,LAL,Lakers,87,123,0,-36,Home
22501155,2026-04-07,2025-26,2026-04,OKC,Thunder,123,87,1,36,Away
22501156,2026-04-07,2025-26,2026-04,LAC,Clippers,116,103,1,13,Home
22501156,2026-04-07,2025-26,2026-04,DAL,Mavericks,103,116,0,-13,Away
22501157,2026-04-07,2025-26,2026-04,PHX,Suns,105,119,0,-14,Home
22501157,2026-04-07,2025-26,2026-04,HOU,Rockets,119,105,1,14,Away
22501158,2026-04-08,2025-26,2026-04,CLE,Cavaliers,122,116,1,6,Home
22501158,2026-04-08,2025-26,2026-04,ATL,Hawks,116,122,0,-6,Away
22501159,2026-04-08,2025-26,2026-04,ORL,Magic,132,120,1,12,Home
22501159,2026-04-08,2025-26,2026-04,MIN,Timberwolves,120,132,0,-12,Away
22501160,2026-04-08,2025-26,2026-04,DET,Pistons,137,111,1,26,Home
22501160,2026-04-08,2025-26,2026-04,MIL,Bucks,111,137,0,-26,Away
22501161,2026-04-08,2025-26,2026-04,SA,Spurs,112,101,1,11,Home
22501161,2026-04-08,2025-26,2026-04,POR,Trail Blazers,101,112,0,-11,Away
22501162,2026-04-08,2025-26,2026-04,DEN,Nuggets,136,119,1,17,Home
22501162,2026-04-08,2025-26,2026-04,MEM,Grizzlies,119,136,0,-17,Away
22501163,2026-04-08,2025-26,2026-04,LAC,Clippers,110,128,0,-18,Home
22501163,2026-04-08,2025-26,2026-04,OKC,Thunder,128,110,1,18,Away
22501164,2026-04-08,2025-26,2026-04,PHX,Suns,112,107,1,5,Home
22501164,2026-04-08,2025-26,2026-04,DAL,Mavericks,107,112,0,-5,Away
22501165,2026-04-09,2025-26,2026-04,TOR,Raptors,128,114,1,14,Home
22501165,2026-04-09,2025-26,2026-04,MIA,Heat,114,128,0,-14,Away
22501166,2026-04-09,2025-26,2026-04,WSH,Wizards,108,119,0,-11,Home
22501166,2026-04-09,2025-26,2026-04,CHI,Bulls,119,108,1,11,Away
22501167,2026-04-09,2025-26,2026-04,BKN,Nets,94,123,0,-29,Home
22501167,2026-04-09,2025-26,2026-04,IND,Pacers,123,94,1,29,Away
22501168,2026-04-09,2025-26,2026-04,NY,Knicks,112,106,1,6,Home
22501168,2026-04-09,2025-26,2026-04,BOS,Celtics,106,112,0,-6,Away
22501169,2026-04-09,2025-26,2026-04,HOU,Rockets,113,102,1,11,Home
22501169,2026-04-09,2025-26,2026-04,PHI,76ers,102,113,0,-11,Away
22501170,2026-04-09,2025-26,2026-04,GS,Warriors,103,119,0,-16,Home
22501170,2026-04-09,2025-26,2026-04,LAL,Lakers,119,103,1,16,Away
22501171,2026-04-10,2025-26,2026-04,CHA,Hornets,100,118,0,-18,Home
22501171,2026-04-10,2025-26,2026-04,DET,Pistons,118,100,1,18,Away
22501172,2026-04-10,2025-26,2026-04,WSH,Wizards,117,140,0,-23,Home
22501172,2026-04-10,2025-26,2026-04,MIA,Heat,140,117,1,23,Away
22501173,2026-04-10,2025-26,2026-04,ATL,Hawks,124,102,1,22,Home
22501173,2026-04-10,2025-26,2026-04,CLE,Cavaliers,102,124,0,-22,Away
22501174,2026-04-10,2025-26,2026-04,BOS,Celtics,144,118,1,26,Home
22501174,2026-04-10,2025-26,2026-04,NO,Pelicans,118,144,0,-26,Away
22501175,2026-04-10,2025-26,2026-04,IND,Pacers,94,105,0,-11,Home
22501175,2026-04-10,2025-26,2026-04,PHI,76ers,105,94,1,11,Away
22501176,2026-04-10,2025-26,2026-04,NY,Knicks,112,95,1,17,Home
22501176,2026-04-10,2025-26,2026-04,TOR,Raptors,95,112,0,-17,Away
22501177,2026-04-10,2025-26,2026-04,CHI,Bulls,103,127,0,-24,Home
22501177,2026-04-10,2025-26,2026-04,ORL,Magic,127,103,1,24,Away
22501178,2026-04-10,2025-26,2026-04,HOU,Rockets,132,136,0,-4,Home
22501178,2026-04-10,2025-26,2026-04,MIN,Timberwolves,136,132,1,4,Away
22501179,2026-04-10,2025-26,2026-04,MIL,Bucks,125,108,1,17,Home
22501179,2026-04-10,2025-26,2026-04,BKN,Nets,108,125,0,-17,Away
22501180,2026-04-10,2025-26,2026-04,SA,Spurs,139,120,1,19,Home
22501180,2026-04-10,2025-26,2026-04,DAL,Mavericks,120,139,0,-19,Away
22501181,2026-04-10,2025-26,2026-04,UTAH,Jazz,147,101,1,46,Home
22501181,2026-04-10,2025-26,2026-04,MEM,Grizzlies,101,147,0,-46,Away
22501182,2026-04-10,2025-26,2026-04,DEN,Nuggets,127,107,1,20,Home
22501182,2026-04-10,2025-26,2026-04,OKC,Thunder,107,127,0,-20,Away
22501183,2026-04-10,2025-26,2026-04,POR,Trail Blazers,116,97,1,19,Home
22501183,2026-04-10,2025-26,2026-04,LAC,Clippers,97,116,0,-19,Away
22501184,2026-04-10,2025-26,2026-04,SAC,Kings,124,118,1,6,Home
22501184,2026-04-10,2025-26,2026-04,GS,Warriors,118,124,0,-6,Away
22501185,2026-04-10,2025-26,2026-04,LAL,Lakers,101,73,1,28,Home
22501185,2026-04-10,2025-26,2026-04,PHX,Suns,73,101,0,-28,Away
22501186,2026-04-12,2025-26,2026-04,BOS,Celtics,113,108,1,5,Home
22501186,2026-04-12,2025-26,2026-04,ORL,Magic,108,113,0,-5,Away
22501187,2026-04-12,2025-26,2026-04,CLE,Cavaliers,130,117,1,13,Home
22501187,2026-04-12,2025-26,2026-04,WSH,Wizards,117,130,0,-13,Away
22501188,2026-04-12,2025-26,2026-04,IND,Pacers,121,133,0,-12,Home
22501188,2026-04-12,2025-26,2026-04,DET,Pistons,133,121,1,12,Away
22501189,2026-04-12,2025-26,2026-04,MIA,Heat,143,117,1,26,Home
22501189,2026-04-12,2025-26,2026-04,ATL,Hawks,117,143,0,-26,Away
22501190,2026-04-12,2025-26,2026-04,NY,Knicks,96,110,0,-14,Home
22501190,2026-04-12,2025-26,2026-04,CHA,Hornets,110,96,1,14,Away
22501191,2026-04-12,2025-26,2026-04,PHI,76ers,126,106,1,20,Home
22501191,2026-04-12,2025-26,2026-04,MIL,Bucks,106,126,0,-20,Away
22501192,2026-04-12,2025-26,2026-04,TOR,Raptors,136,101,1,35,Home
22501192,2026-04-12,2025-26,2026-04,BKN,Nets,101,136,0,-35,Away
22501193,2026-04-12,2025-26,2026-04,DAL,Mavericks,149,128,1,21,Home
22501193,2026-04-12,2025-26,2026-04,CHI,Bulls,128,149,0,-21,Away
22501194,2026-04-12,2025-26,2026-04,HOU,Rockets,132,101,1,31,Home
22501194,2026-04-12,2025-26,2026-04,MEM,Grizzlies,101,132,0,-31,Away
22501195,2026-04-12,2025-26,2026-04,MIN,Timberwolves,132,126,1,6,Home
22501195,2026-04-12,2025-26,2026-04,NO,Pelicans,126,132,0,-6,Away
22501196,2026-04-12,2025-26,2026-04,OKC,Thunder,103,135,0,-32,Home
22501196,2026-04-12,2025-26,2026-04,PHX,Suns,135,103,1,32,Away
22501197,2026-04-12,2025-26,2026-04,SA,Spurs,118,128,0,-10,Home
22501197,2026-04-12,2025-26,2026-04,DEN,Nuggets,128,118,1,10,Away
22501198,2026-04-12,2025-26,2026-04,LAL,Lakers,131,107,1,24,Home
22501198,2026-04-12,2025-26,2026-04,UTAH,Jazz,107,131,0,-24,Away
22501199,2026-04-12,2025-26,2026-04,LAC,Clippers,115,110,1,5,Home
22501199,2026-04-12,2025-26,2026-04,GS,Warriors,110,115,0,-5,Away
22501200,2026-04-12,2025-26,2026-04,POR,Trail Blazers,122,110,1,12,Home
22501200,2026-04-12,2025-26,2026-04,SAC,Kings,110,122,0,-12,Away
52500111,2026-04-14,2025-26,2026-04,CHA,Hornets,127,126,1,1,Home
52500111,2026-04-14,2025-26,2026-04,MIA,Heat,126,127,0,-1,Away
52500121,2026-04-14,2025-26,2026-04,PHX,Suns,110,114,0,-4,Home
52500121,2026-04-14,2025-26,2026-04,POR,Trail Blazers,114,110,1,4,Away
52500101,2026-04-15,2025-26,2026-04,PHI,76ers,109,97,1,12,Home
52500101,2026-04-15,2025-26,2026-04,ORL,Magic,97,109,0,-12,Away
52500131,2026-04-15,2025-26,2026-04,LAC,Clippers,121,126,0,-5,Home
52500131,2026-04-15,2025-26,2026-04,GS,Warriors,126,121,1,5,Away
52500201,2026-04-17,2025-26,2026-04,ORL,Magic,121,90,1,31,Home
52500201,2026-04-17,2025-26,2026-04,CHA,Hornets,90,121,0,-31,Away
52500211,2026-04-17,2025-26,2026-04,PHX,Suns,111,96,1,15,Home
52500211,2026-04-17,2025-26,2026-04,GS,Warriors,96,111,0,-15,Away
42500121,2026-04-18,2025-26,2026-04,NY,Knicks,113,102,1,11,Home
42500121,2026-04-18,2025-26,2026-04,ATL,Hawks,102,113,0,-11,Away
42500131,2026-04-18,2025-26,2026-04,CLE,Cavaliers,126,113,1,13,Home
42500131,2026-04-18,2025-26,2026-04,TOR,Raptors,113,126,0,-13,Away
42500161,2026-04-18,2025-26,2026-04,DEN,Nuggets,116,105,1,11,Home
42500161,2026-04-18,2025-26,2026-04,MIN,Timberwolves,105,116,0,-11,Away
42500171,2026-04-18,2025-26,2026-04,LAL,Lakers,107,98,1,9,Home
42500171,2026-04-18,2025-26,2026-04,HOU,Rockets,98,107,0,-9,Away
42500101,2026-04-19,2025-26,2026-04,DET,Pistons,101,112,0,-11,Home
42500101,2026-04-19,2025-26,2026-04,ORL,Magic,112,101,1,11,Away
42500111,2026-04-19,2025-26,2026-04,BOS,Celtics,123,91,1,32,Home
42500111,2026-04-19,2025-26,2026-04,PHI,76ers,91,123,0,-32,Away
42500141,2026-04-19,2025-26,2026-04,OKC,Thunder,119,84,1,35,Home
42500141,2026-04-19,2025-26,2026-04,PHX,Suns,84,119,0,-35,Away
42500151,2026-04-19,2025-26,2026-04,SA,Spurs,111,98,1,13,Home
42500151,2026-04-19,2025-26,2026-04,POR,Trail Blazers,98,111,0,-13,Away
42500122,2026-04-20,2025-26,2026-04,NY,Knicks,106,107,0,-1,Home
42500122,2026-04-20,2025-26,2026-04,ATL,Hawks,107,106,1,1,Away
42500132,2026-04-20,2025-26,2026-04,CLE,Cavaliers,115,105,1,10,Home
42500132,2026-04-20,2025-26,2026-04,TOR,Raptors,105,115,0,-10,Away
42500162,2026-04-20,2025-26,2026-04,DEN,Nuggets,114,119,0,-5,Home
42500162,2026-04-20,2025-26,2026-04,MIN,Timberwolves,119,114,1,5,Away
42500112,2026-04-21,2025-26,2026-04,BOS,Celtics,97,111,0,-14,Home
42500112,2026-04-21,2025-26,2026-04,PHI,76ers,111,97,1,14,Away
42500152,2026-04-21,2025-26,2026-04,SA,Spurs,103,106,0,-3,Home
42500152,2026-04-21,2025-26,2026-04,POR,Trail Blazers,106,103,1,3,Away
42500172,2026-04-21,2025-26,2026-04,LAL,Lakers,101,94,1,7,Home
42500172,2026-04-21,2025-26,2026-04,HOU,Rockets,94,101,0,-7,Away
